capture_date,insurer,product_family_id,product_name_zh,category,comparison_bucket,payment_mode,payment_term_years,policy_year,age,total_paid,guaranteed_cash_value,reversionary_bonus_cash_value,terminal_bonus_cash_value,total_surrender_value,surrender_to_paid_pct,guaranteed_to_paid_pct,pdf_file
2026-05-11,FWD,fwd_creative_fortune_plus,創逸致富 (豐裕版),life-savings,OUT_OF_SCOPE,SINGLE,1,1,31,71300,58471,63,0,58534,82.095372,82.007013,20260511_FWD_LIFESAVING_CreativeFortunePlus_USD632603_SINGLE.pdf
2026-05-11,FWD,fwd_creative_fortune_plus,創逸致富 (豐裕版),life-savings,OUT_OF_SCOPE,SINGLE,1,2,32,71300,58471,128,0,58600,82.187938,82.007013,20260511_FWD_LIFESAVING_CreativeFortunePlus_USD632603_SINGLE.pdf
2026-05-11,FWD,fwd_creative_fortune_plus,創逸致富 (豐裕版),life-savings,OUT_OF_SCOPE,SINGLE,1,3,33,71300,58471,196,2530,61198,85.831697,82.007013,20260511_FWD_LIFESAVING_CreativeFortunePlus_USD632603_SINGLE.pdf
2026-05-11,FWD,fwd_creative_fortune_plus,創逸致富 (豐裕版),life-savings,OUT_OF_SCOPE,SINGLE,1,4,34,71300,58471,267,2530,61269,85.931276,82.007013,20260511_FWD_LIFESAVING_CreativeFortunePlus_USD632603_SINGLE.pdf
2026-05-11,FWD,fwd_creative_fortune_plus,創逸致富 (豐裕版),life-savings,OUT_OF_SCOPE,SINGLE,1,5,35,71300,58471,340,2530,61342,86.033661,82.007013,20260511_FWD_LIFESAVING_CreativeFortunePlus_USD632603_SINGLE.pdf
2026-05-11,FWD,fwd_creative_fortune_plus,創逸致富 (豐裕版),life-savings,OUT_OF_SCOPE,SINGLE,1,6,36,71300,58471,416,3163,62051,87.02805,82.007013,20260511_FWD_LIFESAVING_CreativeFortunePlus_USD632603_SINGLE.pdf
2026-05-11,FWD,fwd_creative_fortune_plus,創逸致富 (豐裕版),life-savings,OUT_OF_SCOPE,SINGLE,1,7,37,71300,58471,495,3163,62130,87.13885,82.007013,20260511_FWD_LIFESAVING_CreativeFortunePlus_USD632603_SINGLE.pdf
2026-05-11,FWD,fwd_creative_fortune_plus,創逸致富 (豐裕版),life-savings,OUT_OF_SCOPE,SINGLE,1,8,38,71300,58471,577,3163,62212,87.253857,82.007013,20260511_FWD_LIFESAVING_CreativeFortunePlus_USD632603_SINGLE.pdf
2026-05-11,FWD,fwd_creative_fortune_plus,創逸致富 (豐裕版),life-savings,OUT_OF_SCOPE,SINGLE,1,9,39,71300,58471,662,3163,62297,87.373072,82.007013,20260511_FWD_LIFESAVING_CreativeFortunePlus_USD632603_SINGLE.pdf
2026-05-11,FWD,fwd_creative_fortune_plus,創逸致富 (豐裕版),life-savings,OUT_OF_SCOPE,SINGLE,1,10,40,71300,58471,750,4428,63650,89.270687,82.007013,20260511_FWD_LIFESAVING_CreativeFortunePlus_USD632603_SINGLE.pdf
2026-05-11,FWD,fwd_creative_fortune_plus,創逸致富 (豐裕版),life-savings,OUT_OF_SCOPE,SINGLE,1,11,41,71300,58471,842,5060,64374,90.286115,82.007013,20260511_FWD_LIFESAVING_CreativeFortunePlus_USD632603_SINGLE.pdf
2026-05-11,FWD,fwd_creative_fortune_plus,創逸致富 (豐裕版),life-savings,OUT_OF_SCOPE,SINGLE,1,12,42,71300,58471,937,6326,65734,92.193548,82.007013,20260511_FWD_LIFESAVING_CreativeFortunePlus_USD632603_SINGLE.pdf
2026-05-11,FWD,fwd_creative_fortune_plus,創逸致富 (豐裕版),life-savings,OUT_OF_SCOPE,SINGLE,1,13,43,71300,58471,1035,7591,67098,94.106592,82.007013,20260511_FWD_LIFESAVING_CreativeFortunePlus_USD632603_SINGLE.pdf
2026-05-11,FWD,fwd_creative_fortune_plus,創逸致富 (豐裕版),life-savings,OUT_OF_SCOPE,SINGLE,1,14,44,71300,58471,1137,9489,69098,96.911641,82.007013,20260511_FWD_LIFESAVING_CreativeFortunePlus_USD632603_SINGLE.pdf
2026-05-11,FWD,fwd_creative_fortune_plus,創逸致富 (豐裕版),life-savings,OUT_OF_SCOPE,SINGLE,1,15,45,71300,58471,1243,12019,71734,100.608696,82.007013,20260511_FWD_LIFESAVING_CreativeFortunePlus_USD632603_SINGLE.pdf
2026-05-11,FWD,fwd_creative_fortune_plus,創逸致富 (豐裕版),life-savings,OUT_OF_SCOPE,SINGLE,1,16,46,71300,58471,1353,12019,71844,100.762973,82.007013,20260511_FWD_LIFESAVING_CreativeFortunePlus_USD632603_SINGLE.pdf
2026-05-11,FWD,fwd_creative_fortune_plus,創逸致富 (豐裕版),life-savings,OUT_OF_SCOPE,SINGLE,1,17,47,71300,58471,1467,12652,72590,101.809257,82.007013,20260511_FWD_LIFESAVING_CreativeFortunePlus_USD632603_SINGLE.pdf
2026-05-11,FWD,fwd_creative_fortune_plus,創逸致富 (豐裕版),life-savings,OUT_OF_SCOPE,SINGLE,1,18,48,71300,58471,1585,12652,72709,101.976157,82.007013,20260511_FWD_LIFESAVING_CreativeFortunePlus_USD632603_SINGLE.pdf
2026-05-11,FWD,fwd_creative_fortune_plus,創逸致富 (豐裕版),life-savings,OUT_OF_SCOPE,SINGLE,1,19,49,71300,58471,1708,12652,72831,102.147265,82.007013,20260511_FWD_LIFESAVING_CreativeFortunePlus_USD632603_SINGLE.pdf
2026-05-11,FWD,fwd_creative_fortune_plus,創逸致富 (豐裕版),life-savings,OUT_OF_SCOPE,SINGLE,1,20,50,71300,58471,1898,12652,73022,102.415147,82.007013,20260511_FWD_LIFESAVING_CreativeFortunePlus_USD632603_SINGLE.pdf
2026-05-11,FWD,fwd_creative_fortune_plus,創逸致富 (豐裕版),life-savings,OUT_OF_SCOPE,SINGLE,1,21,51,71300,58471,2096,19610,80178,112.451613,82.007013,20260511_FWD_LIFESAVING_CreativeFortunePlus_USD632603_SINGLE.pdf
2026-05-11,FWD,fwd_creative_fortune_plus,創逸致富 (豐裕版),life-savings,OUT_OF_SCOPE,SINGLE,1,22,52,71300,58471,2301,27834,88607,124.273492,82.007013,20260511_FWD_LIFESAVING_CreativeFortunePlus_USD632603_SINGLE.pdf
2026-05-11,FWD,fwd_creative_fortune_plus,創逸致富 (豐裕版),life-savings,OUT_OF_SCOPE,SINGLE,1,23,53,71300,58471,2514,37956,98942,138.768583,82.007013,20260511_FWD_LIFESAVING_CreativeFortunePlus_USD632603_SINGLE.pdf
2026-05-11,FWD,fwd_creative_fortune_plus,創逸致富 (豐裕版),life-savings,OUT_OF_SCOPE,SINGLE,1,24,54,71300,58471,2735,49975,111182,155.935484,82.007013,20260511_FWD_LIFESAVING_CreativeFortunePlus_USD632603_SINGLE.pdf
2026-05-11,FWD,fwd_creative_fortune_plus,創逸致富 (豐裕版),life-savings,OUT_OF_SCOPE,SINGLE,1,25,55,71300,71300,2964,51873,126138,176.911641,100.0,20260511_FWD_LIFESAVING_CreativeFortunePlus_USD632603_SINGLE.pdf
2026-05-11,FWD,fwd_creative_fortune_plus,創逸致富 (豐裕版),life-savings,OUT_OF_SCOPE,SINGLE,1,26,56,71300,71300,3202,60729,135232,189.666199,100.0,20260511_FWD_LIFESAVING_CreativeFortunePlus_USD632603_SINGLE.pdf
2026-05-11,FWD,fwd_creative_fortune_plus,創逸致富 (豐裕版),life-savings,OUT_OF_SCOPE,SINGLE,1,27,57,71300,71300,3448,71484,146233,205.095372,100.0,20260511_FWD_LIFESAVING_CreativeFortunePlus_USD632603_SINGLE.pdf
2026-05-11,FWD,fwd_creative_fortune_plus,創逸致富 (豐裕版),life-savings,OUT_OF_SCOPE,SINGLE,1,28,58,71300,71300,3704,83503,158508,222.31136,100.0,20260511_FWD_LIFESAVING_CreativeFortunePlus_USD632603_SINGLE.pdf
2026-05-11,FWD,fwd_creative_fortune_plus,創逸致富 (豐裕版),life-savings,OUT_OF_SCOPE,SINGLE,1,29,59,71300,71300,3970,95523,170793,239.541374,100.0,20260511_FWD_LIFESAVING_CreativeFortunePlus_USD632603_SINGLE.pdf
2026-05-11,FWD,fwd_creative_fortune_plus,創逸致富 (豐裕版),life-savings,OUT_OF_SCOPE,SINGLE,1,30,60,71300,71300,4308,110072,185682,260.423562,100.0,20260511_FWD_LIFESAVING_CreativeFortunePlus_USD632603_SINGLE.pdf
2026-05-11,FWD,fwd_creative_fortune_plus,創逸致富 (豐裕版),life-savings,OUT_OF_SCOPE,SINGLE,1,31,61,71300,71300,4786,118296,194384,272.628331,100.0,20260511_FWD_LIFESAVING_CreativeFortunePlus_USD632603_SINGLE.pdf
2026-05-11,FWD,fwd_creative_fortune_plus,創逸致富 (豐裕版),life-savings,OUT_OF_SCOPE,SINGLE,1,32,62,71300,71300,5345,126520,203167,284.946704,100.0,20260511_FWD_LIFESAVING_CreativeFortunePlus_USD632603_SINGLE.pdf
2026-05-11,FWD,fwd_creative_fortune_plus,創逸致富 (豐裕版),life-savings,OUT_OF_SCOPE,SINGLE,1,33,63,71300,71300,5925,135377,212603,298.180926,100.0,20260511_FWD_LIFESAVING_CreativeFortunePlus_USD632603_SINGLE.pdf
2026-05-11,FWD,fwd_creative_fortune_plus,創逸致富 (豐裕版),life-savings,OUT_OF_SCOPE,SINGLE,1,34,64,71300,71300,6590,144866,222757,312.42216,100.0,20260511_FWD_LIFESAVING_CreativeFortunePlus_USD632603_SINGLE.pdf
2026-05-11,FWD,fwd_creative_fortune_plus,創逸致富 (豐裕版),life-savings,OUT_OF_SCOPE,SINGLE,1,35,65,71300,71300,7344,154987,233632,327.674614,100.0,20260511_FWD_LIFESAVING_CreativeFortunePlus_USD632603_SINGLE.pdf
2026-05-11,FWD,fwd_creative_fortune_plus,創逸致富 (豐裕版),life-savings,OUT_OF_SCOPE,SINGLE,1,36,66,71300,71300,8125,170170,249596,350.064516,100.0,20260511_FWD_LIFESAVING_CreativeFortunePlus_USD632603_SINGLE.pdf
2026-05-11,FWD,fwd_creative_fortune_plus,創逸致富 (豐裕版),life-savings,OUT_OF_SCOPE,SINGLE,1,37,67,71300,71300,8999,180924,261224,366.373072,100.0,20260511_FWD_LIFESAVING_CreativeFortunePlus_USD632603_SINGLE.pdf
2026-05-11,FWD,fwd_creative_fortune_plus,創逸致富 (豐裕版),life-savings,OUT_OF_SCOPE,SINGLE,1,38,68,71300,71300,9969,192943,274214,384.591865,100.0,20260511_FWD_LIFESAVING_CreativeFortunePlus_USD632603_SINGLE.pdf
2026-05-11,FWD,fwd_creative_fortune_plus,創逸致富 (豐裕版),life-savings,OUT_OF_SCOPE,SINGLE,1,39,69,71300,71300,11039,204963,287303,402.949509,100.0,20260511_FWD_LIFESAVING_CreativeFortunePlus_USD632603_SINGLE.pdf
2026-05-11,FWD,fwd_creative_fortune_plus,創逸致富 (豐裕版),life-savings,OUT_OF_SCOPE,SINGLE,1,40,70,71300,71300,12212,217615,301128,422.339411,100.0,20260511_FWD_LIFESAVING_CreativeFortunePlus_USD632603_SINGLE.pdf
2026-05-11,FWD,fwd_creative_fortune_plus,創逸致富 (豐裕版),life-savings,OUT_OF_SCOPE,SINGLE,1,41,71,71300,71300,13429,267591,352321,494.13885,100.0,20260511_FWD_LIFESAVING_CreativeFortunePlus_USD632603_SINGLE.pdf
2026-05-11,FWD,fwd_creative_fortune_plus,創逸致富 (豐裕版),life-savings,OUT_OF_SCOPE,SINGLE,1,42,72,71300,71300,14692,282773,368766,517.203366,100.0,20260511_FWD_LIFESAVING_CreativeFortunePlus_USD632603_SINGLE.pdf
2026-05-11,FWD,fwd_creative_fortune_plus,創逸致富 (豐裕版),life-savings,OUT_OF_SCOPE,SINGLE,1,43,73,71300,71300,16002,299221,386524,542.109397,100.0,20260511_FWD_LIFESAVING_CreativeFortunePlus_USD632603_SINGLE.pdf
2026-05-11,FWD,fwd_creative_fortune_plus,創逸致富 (豐裕版),life-savings,OUT_OF_SCOPE,SINGLE,1,44,74,71300,71300,17424,315668,404394,567.172511,100.0,20260511_FWD_LIFESAVING_CreativeFortunePlus_USD632603_SINGLE.pdf
2026-05-11,FWD,fwd_creative_fortune_plus,創逸致富 (豐裕版),life-savings,OUT_OF_SCOPE,SINGLE,1,45,75,71300,71300,19090,334014,424405,595.238429,100.0,20260511_FWD_LIFESAVING_CreativeFortunePlus_USD632603_SINGLE.pdf
2026-05-11,FWD,fwd_creative_fortune_plus,創逸致富 (豐裕版),life-savings,OUT_OF_SCOPE,SINGLE,1,46,76,71300,71300,20881,382092,474274,665.180926,100.0,20260511_FWD_LIFESAVING_CreativeFortunePlus_USD632603_SINGLE.pdf
2026-05-11,FWD,fwd_creative_fortune_plus,創逸致富 (豐裕版),life-savings,OUT_OF_SCOPE,SINGLE,1,47,77,71300,71300,22803,408028,502133,704.253857,100.0,20260511_FWD_LIFESAVING_CreativeFortunePlus_USD632603_SINGLE.pdf
2026-05-11,FWD,fwd_creative_fortune_plus,創逸致富 (豐裕版),life-savings,OUT_OF_SCOPE,SINGLE,1,48,78,71300,71300,24923,439026,535251,750.702665,100.0,20260511_FWD_LIFESAVING_CreativeFortunePlus_USD632603_SINGLE.pdf
2026-05-11,FWD,fwd_creative_fortune_plus,創逸致富 (豐裕版),life-savings,OUT_OF_SCOPE,SINGLE,1,49,79,71300,71300,27250,463065,561616,787.680224,100.0,20260511_FWD_LIFESAVING_CreativeFortunePlus_USD632603_SINGLE.pdf
2026-05-11,FWD,fwd_creative_fortune_plus,創逸致富 (豐裕版),life-savings,OUT_OF_SCOPE,SINGLE,1,50,80,71300,71300,29727,502919,603947,847.050491,100.0,20260511_FWD_LIFESAVING_CreativeFortunePlus_USD632603_SINGLE.pdf
2026-05-11,FWD,fwd_creative_fortune_plus,創逸致富 (豐裕版),life-savings,OUT_OF_SCOPE,SINGLE,1,51,81,71300,71300,32360,540875,644536,903.97756,100.0,20260511_FWD_LIFESAVING_CreativeFortunePlus_USD632603_SINGLE.pdf
2026-05-11,FWD,fwd_creative_fortune_plus,創逸致富 (豐裕版),life-savings,OUT_OF_SCOPE,SINGLE,1,52,82,71300,71300,35091,566179,672572,943.298738,100.0,20260511_FWD_LIFESAVING_CreativeFortunePlus_USD632603_SINGLE.pdf
2026-05-11,FWD,fwd_creative_fortune_plus,創逸致富 (豐裕版),life-savings,OUT_OF_SCOPE,SINGLE,1,53,83,71300,71300,37926,592749,701975,984.537167,100.0,20260511_FWD_LIFESAVING_CreativeFortunePlus_USD632603_SINGLE.pdf
2026-05-11,FWD,fwd_creative_fortune_plus,創逸致富 (豐裕版),life-savings,OUT_OF_SCOPE,SINGLE,1,54,84,71300,71300,40866,621216,733383,1028.587658,100.0,20260511_FWD_LIFESAVING_CreativeFortunePlus_USD632603_SINGLE.pdf
2026-05-11,FWD,fwd_creative_fortune_plus,創逸致富 (豐裕版),life-savings,OUT_OF_SCOPE,SINGLE,1,55,85,71300,71300,43917,654111,769329,1079.002805,100.0,20260511_FWD_LIFESAVING_CreativeFortunePlus_USD632603_SINGLE.pdf
2026-05-11,FWD,fwd_creative_fortune_plus,創逸致富 (豐裕版),life-savings,OUT_OF_SCOPE,SINGLE,1,56,86,71300,71300,47082,685109,803492,1126.917251,100.0,20260511_FWD_LIFESAVING_CreativeFortunePlus_USD632603_SINGLE.pdf
2026-05-11,FWD,fwd_creative_fortune_plus,創逸致富 (豐裕版),life-savings,OUT_OF_SCOPE,SINGLE,1,57,87,71300,71300,50366,718004,839671,1177.659187,100.0,20260511_FWD_LIFESAVING_CreativeFortunePlus_USD632603_SINGLE.pdf
2026-05-11,FWD,fwd_creative_fortune_plus,創逸致富 (豐裕版),life-savings,OUT_OF_SCOPE,SINGLE,1,58,88,71300,71300,53773,755327,880401,1234.784011,100.0,20260511_FWD_LIFESAVING_CreativeFortunePlus_USD632603_SINGLE.pdf
2026-05-11,FWD,fwd_creative_fortune_plus,創逸致富 (豐裕版),life-savings,OUT_OF_SCOPE,SINGLE,1,59,89,71300,71300,57308,795181,923790,1295.638149,100.0,20260511_FWD_LIFESAVING_CreativeFortunePlus_USD632603_SINGLE.pdf
2026-05-11,FWD,fwd_creative_fortune_plus,創逸致富 (豐裕版),life-savings,OUT_OF_SCOPE,SINGLE,1,60,90,71300,71300,60975,836933,969209,1359.339411,100.0,20260511_FWD_LIFESAVING_CreativeFortunePlus_USD632603_SINGLE.pdf
2026-05-11,FWD,fwd_creative_fortune_plus,創逸致富 (豐裕版),life-savings,OUT_OF_SCOPE,SINGLE,1,61,91,71300,71300,64780,910315,1046396,1467.596073,100.0,20260511_FWD_LIFESAVING_CreativeFortunePlus_USD632603_SINGLE.pdf
2026-05-11,FWD,fwd_creative_fortune_plus,創逸致富 (豐裕版),life-savings,OUT_OF_SCOPE,SINGLE,1,62,92,71300,71300,68727,953332,1093361,1533.465638,100.0,20260511_FWD_LIFESAVING_CreativeFortunePlus_USD632603_SINGLE.pdf
2026-05-11,FWD,fwd_creative_fortune_plus,創逸致富 (豐裕版),life-savings,OUT_OF_SCOPE,SINGLE,1,63,93,71300,71300,72823,998247,1142371,1602.203366,100.0,20260511_FWD_LIFESAVING_CreativeFortunePlus_USD632603_SINGLE.pdf
2026-05-11,FWD,fwd_creative_fortune_plus,創逸致富 (豐裕版),life-savings,OUT_OF_SCOPE,SINGLE,1,64,94,71300,71300,77072,1045692,1194065,1674.70547,100.0,20260511_FWD_LIFESAVING_CreativeFortunePlus_USD632603_SINGLE.pdf
2026-05-11,FWD,fwd_creative_fortune_plus,創逸致富 (豐裕版),life-savings,OUT_OF_SCOPE,SINGLE,1,65,95,71300,71300,81480,1095035,1247817,1750.093969,100.0,20260511_FWD_LIFESAVING_CreativeFortunePlus_USD632603_SINGLE.pdf
2026-05-11,FWD,fwd_creative_fortune_plus,創逸致富 (豐裕版),life-savings,OUT_OF_SCOPE,SINGLE,1,66,96,71300,71300,86054,1146276,1303631,1828.374474,100.0,20260511_FWD_LIFESAVING_CreativeFortunePlus_USD632603_SINGLE.pdf
2026-05-11,FWD,fwd_creative_fortune_plus,創逸致富 (豐裕版),life-savings,OUT_OF_SCOPE,SINGLE,1,67,97,71300,71300,90799,1200680,1362780,1911.332398,100.0,20260511_FWD_LIFESAVING_CreativeFortunePlus_USD632603_SINGLE.pdf
2026-05-11,FWD,fwd_creative_fortune_plus,創逸致富 (豐裕版),life-savings,OUT_OF_SCOPE,SINGLE,1,68,98,71300,71300,95723,1261410,1428434,2003.413745,100.0,20260511_FWD_LIFESAVING_CreativeFortunePlus_USD632603_SINGLE.pdf
2026-05-11,FWD,fwd_creative_fortune_plus,創逸致富 (豐裕版),life-savings,OUT_OF_SCOPE,SINGLE,1,69,99,71300,71300,100830,1328466,1500597,2104.624123,100.0,20260511_FWD_LIFESAVING_CreativeFortunePlus_USD632603_SINGLE.pdf
2026-05-11,FWD,fwd_creative_fortune_plus,創逸致富 (豐裕版),life-savings,OUT_OF_SCOPE,SINGLE,1,70,100,71300,71300,106193,1398685,1576179,2210.629734,100.0,20260511_FWD_LIFESAVING_CreativeFortunePlus_USD632603_SINGLE.pdf
2026-05-11,FWD,fwd_creative_fortune_plus,創逸致富 (豐裕版),life-savings,OUT_OF_SCOPE,SINGLE,1,71,101,71300,71300,112010,1472699,1656010,2322.59467,100.0,20260511_FWD_LIFESAVING_CreativeFortunePlus_USD632603_SINGLE.pdf
2026-05-11,FWD,fwd_creative_fortune_plus,創逸致富 (豐裕版),life-savings,OUT_OF_SCOPE,SINGLE,1,72,102,71300,71300,118045,1551142,1740488,2441.077139,100.0,20260511_FWD_LIFESAVING_CreativeFortunePlus_USD632603_SINGLE.pdf
2026-05-11,FWD,fwd_creative_fortune_plus,創逸致富 (豐裕版),life-savings,OUT_OF_SCOPE,SINGLE,1,73,103,71300,71300,124306,1633380,1828988,2565.200561,100.0,20260511_FWD_LIFESAVING_CreativeFortunePlus_USD632603_SINGLE.pdf
2026-05-11,FWD,fwd_creative_fortune_plus,創逸致富 (豐裕版),life-savings,OUT_OF_SCOPE,SINGLE,1,74,104,71300,71300,130802,1720680,1922783,2696.750351,100.0,20260511_FWD_LIFESAVING_CreativeFortunePlus_USD632603_SINGLE.pdf
2026-05-11,FWD,fwd_creative_fortune_plus,創逸致富 (豐裕版),life-savings,OUT_OF_SCOPE,SINGLE,1,75,105,71300,71300,137542,1801653,2010496,2819.769986,100.0,20260511_FWD_LIFESAVING_CreativeFortunePlus_USD632603_SINGLE.pdf
2026-05-11,FWD,fwd_creative_fortune_plus,創逸致富 (豐裕版),life-savings,OUT_OF_SCOPE,SINGLE,1,76,106,71300,71300,144534,1886422,2102257,2948.467041,100.0,20260511_FWD_LIFESAVING_CreativeFortunePlus_USD632603_SINGLE.pdf
2026-05-11,FWD,fwd_creative_fortune_plus,創逸致富 (豐裕版),life-savings,OUT_OF_SCOPE,SINGLE,1,77,107,71300,71300,151789,1974353,2197443,3081.967742,100.0,20260511_FWD_LIFESAVING_CreativeFortunePlus_USD632603_SINGLE.pdf
2026-05-11,FWD,fwd_creative_fortune_plus,創逸致富 (豐裕版),life-savings,OUT_OF_SCOPE,SINGLE,1,78,108,71300,71300,159315,2067346,2297963,3222.949509,100.0,20260511_FWD_LIFESAVING_CreativeFortunePlus_USD632603_SINGLE.pdf
2026-05-11,FWD,fwd_creative_fortune_plus,創逸致富 (豐裕版),life-savings,OUT_OF_SCOPE,SINGLE,1,79,109,71300,71300,167124,2164134,2402560,3369.649369,100.0,20260511_FWD_LIFESAVING_CreativeFortunePlus_USD632603_SINGLE.pdf
2026-05-11,FWD,fwd_creative_fortune_plus,創逸致富 (豐裕版),life-savings,OUT_OF_SCOPE,SINGLE,1,80,110,71300,71300,175226,2265351,2511878,3522.970547,100.0,20260511_FWD_LIFESAVING_CreativeFortunePlus_USD632603_SINGLE.pdf
2026-05-11,FWD,fwd_creative_fortune_plus,創逸致富 (豐裕版),life-savings,OUT_OF_SCOPE,SINGLE,1,81,111,71300,71300,183632,2370996,2625928,3682.928471,100.0,20260511_FWD_LIFESAVING_CreativeFortunePlus_USD632603_SINGLE.pdf
2026-05-11,FWD,fwd_creative_fortune_plus,創逸致富 (豐裕版),life-savings,OUT_OF_SCOPE,SINGLE,1,82,112,71300,71300,192352,2485497,2749150,3855.750351,100.0,20260511_FWD_LIFESAVING_CreativeFortunePlus_USD632603_SINGLE.pdf
2026-05-11,FWD,fwd_creative_fortune_plus,創逸致富 (豐裕版),life-savings,OUT_OF_SCOPE,SINGLE,1,83,113,71300,71300,201400,2607589,2880290,4039.677419,100.0,20260511_FWD_LIFESAVING_CreativeFortunePlus_USD632603_SINGLE.pdf
2026-05-11,FWD,fwd_creative_fortune_plus,創逸致富 (豐裕版),life-savings,OUT_OF_SCOPE,SINGLE,1,84,114,71300,71300,210787,2739803,3021891,4238.276297,100.0,20260511_FWD_LIFESAVING_CreativeFortunePlus_USD632603_SINGLE.pdf
2026-05-11,FWD,fwd_creative_fortune_plus,創逸致富 (豐裕版),life-savings,OUT_OF_SCOPE,SINGLE,1,85,115,71300,71300,220526,2867589,3159416,4431.158485,100.0,20260511_FWD_LIFESAVING_CreativeFortunePlus_USD632603_SINGLE.pdf
2026-05-11,FWD,fwd_creative_fortune_plus,創逸致富 (豐裕版),life-savings,OUT_OF_SCOPE,SINGLE,1,86,116,71300,71300,230631,3001701,3303632,4633.424965,100.0,20260511_FWD_LIFESAVING_CreativeFortunePlus_USD632603_SINGLE.pdf
2026-05-11,FWD,fwd_creative_fortune_plus,創逸致富 (豐裕版),life-savings,OUT_OF_SCOPE,SINGLE,1,87,117,71300,71300,241114,3141506,3453921,4844.208976,100.0,20260511_FWD_LIFESAVING_CreativeFortunePlus_USD632603_SINGLE.pdf
2026-05-11,FWD,fwd_creative_fortune_plus,創逸致富 (豐裕版),life-savings,OUT_OF_SCOPE,SINGLE,1,88,118,71300,71300,251990,3288270,3611561,5065.302945,100.0,20260511_FWD_LIFESAVING_CreativeFortunePlus_USD632603_SINGLE.pdf
2026-05-11,FWD,fwd_creative_fortune_plus,創逸致富 (豐裕版),life-savings,OUT_OF_SCOPE,SINGLE,1,89,119,71300,71300,263274,3441992,3776568,5296.729313,100.0,20260511_FWD_LIFESAVING_CreativeFortunePlus_USD632603_SINGLE.pdf
2026-05-11,FWD,fwd_creative_fortune_plus,創逸致富 (豐裕版),life-savings,OUT_OF_SCOPE,SINGLE,1,90,120,71300,71300,275045,3602041,3948387,5537.709677,100.0,20260511_FWD_LIFESAVING_CreativeFortunePlus_USD632603_SINGLE.pdf
2026-05-11,FWD,fwd_creative_fortune_plus,創逸致富 (豐裕版),life-savings,5Y_MONTHLY,MONTHLY,5,1,31,15600,2167,58,0,2225,14.262821,13.891026,20260511_FWD_LIFESAVING_CreativeFortunePlus_PREMIUM1300_MONTHLY_5pay.pdf
2026-05-11,FWD,fwd_creative_fortune_plus,創逸致富 (豐裕版),life-savings,5Y_MONTHLY,MONTHLY,5,2,32,31200,11556,119,0,11676,37.423077,37.038462,20260511_FWD_LIFESAVING_CreativeFortunePlus_PREMIUM1300_MONTHLY_5pay.pdf
2026-05-11,FWD,fwd_creative_fortune_plus,創逸致富 (豐裕版),life-savings,5Y_MONTHLY,MONTHLY,5,3,33,46800,23833,182,2342,26359,56.32265,50.925214,20260511_FWD_LIFESAVING_CreativeFortunePlus_PREMIUM1300_MONTHLY_5pay.pdf
2026-05-11,FWD,fwd_creative_fortune_plus,創逸致富 (豐裕版),life-savings,5Y_MONTHLY,MONTHLY,5,4,34,62400,40445,247,2342,43036,68.967949,64.815705,20260511_FWD_LIFESAVING_CreativeFortunePlus_PREMIUM1300_MONTHLY_5pay.pdf
2026-05-11,FWD,fwd_creative_fortune_plus,創逸致富 (豐裕版),life-savings,5Y_MONTHLY,MONTHLY,5,5,35,78000,59224,315,2928,62468,80.087179,75.928205,20260511_FWD_LIFESAVING_CreativeFortunePlus_PREMIUM1300_MONTHLY_5pay.pdf
2026-05-11,FWD,fwd_creative_fortune_plus,創逸致富 (豐裕版),life-savings,5Y_MONTHLY,MONTHLY,5,6,36,78000,59224,386,2928,62539,80.178205,75.928205,20260511_FWD_LIFESAVING_CreativeFortunePlus_PREMIUM1300_MONTHLY_5pay.pdf
2026-05-11,FWD,fwd_creative_fortune_plus,創逸致富 (豐裕版),life-savings,5Y_MONTHLY,MONTHLY,5,7,37,78000,59224,459,3514,63198,81.023077,75.928205,20260511_FWD_LIFESAVING_CreativeFortunePlus_PREMIUM1300_MONTHLY_5pay.pdf
2026-05-11,FWD,fwd_creative_fortune_plus,創逸致富 (豐裕版),life-savings,5Y_MONTHLY,MONTHLY,5,8,38,78000,59224,534,3514,63273,81.119231,75.928205,20260511_FWD_LIFESAVING_CreativeFortunePlus_PREMIUM1300_MONTHLY_5pay.pdf
2026-05-11,FWD,fwd_creative_fortune_plus,創逸致富 (豐裕版),life-savings,5Y_MONTHLY,MONTHLY,5,9,39,78000,59224,613,3514,63352,81.220513,75.928205,20260511_FWD_LIFESAVING_CreativeFortunePlus_PREMIUM1300_MONTHLY_5pay.pdf
2026-05-11,FWD,fwd_creative_fortune_plus,創逸致富 (豐裕版),life-savings,5Y_MONTHLY,MONTHLY,5,10,40,78000,59224,695,4100,64019,82.075641,75.928205,20260511_FWD_LIFESAVING_CreativeFortunePlus_PREMIUM1300_MONTHLY_5pay.pdf
2026-05-11,FWD,fwd_creative_fortune_plus,創逸致富 (豐裕版),life-savings,5Y_MONTHLY,MONTHLY,5,11,41,78000,59224,779,4100,64104,82.184615,75.928205,20260511_FWD_LIFESAVING_CreativeFortunePlus_PREMIUM1300_MONTHLY_5pay.pdf
2026-05-11,FWD,fwd_creative_fortune_plus,創逸致富 (豐裕版),life-savings,5Y_MONTHLY,MONTHLY,5,12,42,78000,59224,867,5271,65363,83.798718,75.928205,20260511_FWD_LIFESAVING_CreativeFortunePlus_PREMIUM1300_MONTHLY_5pay.pdf
2026-05-11,FWD,fwd_creative_fortune_plus,創逸致富 (豐裕版),life-savings,5Y_MONTHLY,MONTHLY,5,13,43,78000,59224,958,5271,65454,83.915385,75.928205,20260511_FWD_LIFESAVING_CreativeFortunePlus_PREMIUM1300_MONTHLY_5pay.pdf
2026-05-11,FWD,fwd_creative_fortune_plus,創逸致富 (豐裕版),life-savings,5Y_MONTHLY,MONTHLY,5,14,44,78000,59224,1053,5857,66135,84.788462,75.928205,20260511_FWD_LIFESAVING_CreativeFortunePlus_PREMIUM1300_MONTHLY_5pay.pdf
2026-05-11,FWD,fwd_creative_fortune_plus,創逸致富 (豐裕版),life-savings,5Y_MONTHLY,MONTHLY,5,15,45,78000,59224,1151,5857,66233,84.914103,75.928205,20260511_FWD_LIFESAVING_CreativeFortunePlus_PREMIUM1300_MONTHLY_5pay.pdf
2026-05-11,FWD,fwd_creative_fortune_plus,創逸致富 (豐裕版),life-savings,5Y_MONTHLY,MONTHLY,5,16,46,78000,59224,1253,7028,67506,86.546154,75.928205,20260511_FWD_LIFESAVING_CreativeFortunePlus_PREMIUM1300_MONTHLY_5pay.pdf
2026-05-11,FWD,fwd_creative_fortune_plus,創逸致富 (豐裕版),life-savings,5Y_MONTHLY,MONTHLY,5,17,47,78000,59224,1358,8786,69369,88.934615,75.928205,20260511_FWD_LIFESAVING_CreativeFortunePlus_PREMIUM1300_MONTHLY_5pay.pdf
2026-05-11,FWD,fwd_creative_fortune_plus,創逸致富 (豐裕版),life-savings,5Y_MONTHLY,MONTHLY,5,18,48,78000,59224,1468,10543,71236,91.328205,75.928205,20260511_FWD_LIFESAVING_CreativeFortunePlus_PREMIUM1300_MONTHLY_5pay.pdf
2026-05-11,FWD,fwd_creative_fortune_plus,創逸致富 (豐裕版),life-savings,5Y_MONTHLY,MONTHLY,5,19,49,78000,59224,1581,12300,73106,93.725641,75.928205,20260511_FWD_LIFESAVING_CreativeFortunePlus_PREMIUM1300_MONTHLY_5pay.pdf
2026-05-11,FWD,fwd_creative_fortune_plus,創逸致富 (豐裕版),life-savings,5Y_MONTHLY,MONTHLY,5,20,50,78000,59224,1758,12886,73869,94.703846,75.928205,20260511_FWD_LIFESAVING_CreativeFortunePlus_PREMIUM1300_MONTHLY_5pay.pdf
2026-05-11,FWD,fwd_creative_fortune_plus,創逸致富 (豐裕版),life-savings,5Y_MONTHLY,MONTHLY,5,21,51,78000,59224,1941,18743,79909,102.447436,75.928205,20260511_FWD_LIFESAVING_CreativeFortunePlus_PREMIUM1300_MONTHLY_5pay.pdf
2026-05-11,FWD,fwd_creative_fortune_plus,創逸致富 (豐裕版),life-savings,5Y_MONTHLY,MONTHLY,5,22,52,78000,59224,2131,26358,87714,112.453846,75.928205,20260511_FWD_LIFESAVING_CreativeFortunePlus_PREMIUM1300_MONTHLY_5pay.pdf
2026-05-11,FWD,fwd_creative_fortune_plus,創逸致富 (豐裕版),life-savings,5Y_MONTHLY,MONTHLY,5,23,53,78000,59224,2328,35144,96697,123.970513,75.928205,20260511_FWD_LIFESAVING_CreativeFortunePlus_PREMIUM1300_MONTHLY_5pay.pdf
2026-05-11,FWD,fwd_creative_fortune_plus,創逸致富 (豐裕版),life-savings,5Y_MONTHLY,MONTHLY,5,24,54,78000,59224,2532,46273,108031,138.501282,75.928205,20260511_FWD_LIFESAVING_CreativeFortunePlus_PREMIUM1300_MONTHLY_5pay.pdf
2026-05-11,FWD,fwd_creative_fortune_plus,創逸致富 (豐裕版),life-savings,5Y_MONTHLY,MONTHLY,5,25,55,78000,72222,2744,46273,121240,155.435897,92.592308,20260511_FWD_LIFESAVING_CreativeFortunePlus_PREMIUM1300_MONTHLY_5pay.pdf
2026-05-11,FWD,fwd_creative_fortune_plus,創逸致富 (豐裕版),life-savings,5Y_MONTHLY,MONTHLY,5,26,56,78000,72222,2965,54474,129661,166.232051,92.592308,20260511_FWD_LIFESAVING_CreativeFortunePlus_PREMIUM1300_MONTHLY_5pay.pdf
2026-05-11,FWD,fwd_creative_fortune_plus,創逸致富 (豐裕版),life-savings,5Y_MONTHLY,MONTHLY,5,27,57,78000,72222,3193,63846,139261,178.539744,92.592308,20260511_FWD_LIFESAVING_CreativeFortunePlus_PREMIUM1300_MONTHLY_5pay.pdf
2026-05-11,FWD,fwd_creative_fortune_plus,創逸致富 (豐裕版),life-savings,5Y_MONTHLY,MONTHLY,5,28,58,78000,72222,3430,74389,150041,192.360256,92.592308,20260511_FWD_LIFESAVING_CreativeFortunePlus_PREMIUM1300_MONTHLY_5pay.pdf
2026-05-11,FWD,fwd_creative_fortune_plus,創逸致富 (豐裕版),life-savings,5Y_MONTHLY,MONTHLY,5,29,59,78000,72222,3676,86104,162002,207.694872,92.592308,20260511_FWD_LIFESAVING_CreativeFortunePlus_PREMIUM1300_MONTHLY_5pay.pdf
2026-05-11,FWD,fwd_creative_fortune_plus,創逸致富 (豐裕版),life-savings,5Y_MONTHLY,MONTHLY,5,30,60,78000,72222,3989,98990,175202,224.617949,92.592308,20260511_FWD_LIFESAVING_CreativeFortunePlus_PREMIUM1300_MONTHLY_5pay.pdf
2026-05-11,FWD,fwd_creative_fortune_plus,創逸致富 (豐裕版),life-savings,5Y_MONTHLY,MONTHLY,5,31,61,78000,72222,4432,106605,183259,234.947436,92.592308,20260511_FWD_LIFESAVING_CreativeFortunePlus_PREMIUM1300_MONTHLY_5pay.pdf
2026-05-11,FWD,fwd_creative_fortune_plus,創逸致富 (豐裕版),life-savings,5Y_MONTHLY,MONTHLY,5,32,62,78000,72222,4949,114220,191392,245.374359,92.592308,20260511_FWD_LIFESAVING_CreativeFortunePlus_PREMIUM1300_MONTHLY_5pay.pdf
2026-05-11,FWD,fwd_creative_fortune_plus,創逸致富 (豐裕版),life-savings,5Y_MONTHLY,MONTHLY,5,33,63,78000,72222,5486,122420,200129,256.575641,92.592308,20260511_FWD_LIFESAVING_CreativeFortunePlus_PREMIUM1300_MONTHLY_5pay.pdf
2026-05-11,FWD,fwd_creative_fortune_plus,創逸致富 (豐裕版),life-savings,5Y_MONTHLY,MONTHLY,5,34,64,78000,72222,6102,131206,209531,268.629487,92.592308,20260511_FWD_LIFESAVING_CreativeFortunePlus_PREMIUM1300_MONTHLY_5pay.pdf
2026-05-11,FWD,fwd_creative_fortune_plus,創逸致富 (豐裕版),life-savings,5Y_MONTHLY,MONTHLY,5,35,65,78000,72222,6800,140578,219600,281.538462,92.592308,20260511_FWD_LIFESAVING_CreativeFortunePlus_PREMIUM1300_MONTHLY_5pay.pdf
2026-05-11,FWD,fwd_creative_fortune_plus,創逸致富 (豐裕版),life-savings,5Y_MONTHLY,MONTHLY,5,36,66,78000,72222,7523,150536,230282,295.233333,92.592308,20260511_FWD_LIFESAVING_CreativeFortunePlus_PREMIUM1300_MONTHLY_5pay.pdf
2026-05-11,FWD,fwd_creative_fortune_plus,創逸致富 (豐裕版),life-savings,5Y_MONTHLY,MONTHLY,5,37,67,78000,72222,8332,161079,241634,309.787179,92.592308,20260511_FWD_LIFESAVING_CreativeFortunePlus_PREMIUM1300_MONTHLY_5pay.pdf
2026-05-11,FWD,fwd_creative_fortune_plus,創逸致富 (豐裕版),life-savings,5Y_MONTHLY,MONTHLY,5,38,68,78000,72222,9231,172208,253662,325.207692,92.592308,20260511_FWD_LIFESAVING_CreativeFortunePlus_PREMIUM1300_MONTHLY_5pay.pdf
2026-05-11,FWD,fwd_creative_fortune_plus,創逸致富 (豐裕版),life-savings,5Y_MONTHLY,MONTHLY,5,39,69,78000,72222,10221,184509,266953,342.247436,92.592308,20260511_FWD_LIFESAVING_CreativeFortunePlus_PREMIUM1300_MONTHLY_5pay.pdf
2026-05-11,FWD,fwd_creative_fortune_plus,創逸致富 (豐裕版),life-savings,5Y_MONTHLY,MONTHLY,5,40,70,78000,72222,11307,197395,280925,360.160256,92.592308,20260511_FWD_LIFESAVING_CreativeFortunePlus_PREMIUM1300_MONTHLY_5pay.pdf
2026-05-11,FWD,fwd_creative_fortune_plus,創逸致富 (豐裕版),life-savings,5Y_MONTHLY,MONTHLY,5,41,71,78000,72222,12434,214382,299039,383.383333,92.592308,20260511_FWD_LIFESAVING_CreativeFortunePlus_PREMIUM1300_MONTHLY_5pay.pdf
2026-05-11,FWD,fwd_creative_fortune_plus,創逸致富 (豐裕版),life-savings,5Y_MONTHLY,MONTHLY,5,42,72,78000,72222,13604,232540,318366,408.161538,92.592308,20260511_FWD_LIFESAVING_CreativeFortunePlus_PREMIUM1300_MONTHLY_5pay.pdf
2026-05-11,FWD,fwd_creative_fortune_plus,創逸致富 (豐裕版),life-savings,5Y_MONTHLY,MONTHLY,5,43,73,78000,72222,14817,252455,339494,435.248718,92.592308,20260511_FWD_LIFESAVING_CreativeFortunePlus_PREMIUM1300_MONTHLY_5pay.pdf
2026-05-11,FWD,fwd_creative_fortune_plus,創逸致富 (豐裕版),life-savings,5Y_MONTHLY,MONTHLY,5,44,74,78000,72222,16134,276471,364827,467.726923,92.592308,20260511_FWD_LIFESAVING_CreativeFortunePlus_PREMIUM1300_MONTHLY_5pay.pdf
2026-05-11,FWD,fwd_creative_fortune_plus,創逸致富 (豐裕版),life-savings,5Y_MONTHLY,MONTHLY,5,45,75,78000,72222,17676,299315,389213,498.991026,92.592308,20260511_FWD_LIFESAVING_CreativeFortunePlus_PREMIUM1300_MONTHLY_5pay.pdf
2026-05-11,FWD,fwd_creative_fortune_plus,創逸致富 (豐裕版),life-savings,5Y_MONTHLY,MONTHLY,5,46,76,78000,72222,19335,324502,416059,533.408974,92.592308,20260511_FWD_LIFESAVING_CreativeFortunePlus_PREMIUM1300_MONTHLY_5pay.pdf
2026-05-11,FWD,fwd_creative_fortune_plus,創逸致富 (豐裕版),life-savings,5Y_MONTHLY,MONTHLY,5,47,77,78000,72222,21114,353203,446540,572.487179,92.592308,20260511_FWD_LIFESAVING_CreativeFortunePlus_PREMIUM1300_MONTHLY_5pay.pdf
2026-05-11,FWD,fwd_creative_fortune_plus,創逸致富 (豐裕版),life-savings,5Y_MONTHLY,MONTHLY,5,48,78,78000,72222,23077,384248,479547,614.803846,92.592308,20260511_FWD_LIFESAVING_CreativeFortunePlus_PREMIUM1300_MONTHLY_5pay.pdf
2026-05-11,FWD,fwd_creative_fortune_plus,創逸致富 (豐裕版),life-savings,5Y_MONTHLY,MONTHLY,5,49,79,78000,72222,25231,418806,516260,661.871795,92.592308,20260511_FWD_LIFESAVING_CreativeFortunePlus_PREMIUM1300_MONTHLY_5pay.pdf
2026-05-11,FWD,fwd_creative_fortune_plus,創逸致富 (豐裕版),life-savings,5Y_MONTHLY,MONTHLY,5,50,80,78000,72222,27525,456294,556041,712.873077,92.592308,20260511_FWD_LIFESAVING_CreativeFortunePlus_PREMIUM1300_MONTHLY_5pay.pdf
2026-05-11,FWD,fwd_creative_fortune_plus,創逸致富 (豐裕版),life-savings,5Y_MONTHLY,MONTHLY,5,51,81,78000,72222,29963,480310,582495,746.788462,92.592308,20260511_FWD_LIFESAVING_CreativeFortunePlus_PREMIUM1300_MONTHLY_5pay.pdf
2026-05-11,FWD,fwd_creative_fortune_plus,創逸致富 (豐裕版),life-savings,5Y_MONTHLY,MONTHLY,5,52,82,78000,72222,32492,505497,610211,782.321795,92.592308,20260511_FWD_LIFESAVING_CreativeFortunePlus_PREMIUM1300_MONTHLY_5pay.pdf
2026-05-11,FWD,fwd_creative_fortune_plus,創逸致富 (豐裕版),life-savings,5Y_MONTHLY,MONTHLY,5,53,83,78000,72222,35116,531855,639194,819.479487,92.592308,20260511_FWD_LIFESAVING_CreativeFortunePlus_PREMIUM1300_MONTHLY_5pay.pdf
2026-05-11,FWD,fwd_creative_fortune_plus,創逸致富 (豐裕版),life-savings,5Y_MONTHLY,MONTHLY,5,54,84,78000,72222,37839,559971,670032,859.015385,92.592308,20260511_FWD_LIFESAVING_CreativeFortunePlus_PREMIUM1300_MONTHLY_5pay.pdf
2026-05-11,FWD,fwd_creative_fortune_plus,創逸致富 (豐裕版),life-savings,5Y_MONTHLY,MONTHLY,5,55,85,78000,72222,40664,589844,702730,900.935897,92.592308,20260511_FWD_LIFESAVING_CreativeFortunePlus_PREMIUM1300_MONTHLY_5pay.pdf
2026-05-11,FWD,fwd_creative_fortune_plus,創逸致富 (豐裕版),life-savings,5Y_MONTHLY,MONTHLY,5,56,86,78000,72222,43594,620888,736705,944.49359,92.592308,20260511_FWD_LIFESAVING_CreativeFortunePlus_PREMIUM1300_MONTHLY_5pay.pdf
2026-05-11,FWD,fwd_creative_fortune_plus,創逸致富 (豐裕版),life-savings,5Y_MONTHLY,MONTHLY,5,57,87,78000,72222,46635,653690,772548,990.446154,92.592308,20260511_FWD_LIFESAVING_CreativeFortunePlus_PREMIUM1300_MONTHLY_5pay.pdf
2026-05-11,FWD,fwd_creative_fortune_plus,創逸致富 (豐裕版),life-savings,5Y_MONTHLY,MONTHLY,5,58,88,78000,72222,49790,687077,809090,1037.294872,92.592308,20260511_FWD_LIFESAVING_CreativeFortunePlus_PREMIUM1300_MONTHLY_5pay.pdf
2026-05-11,FWD,fwd_creative_fortune_plus,創逸致富 (豐裕版),life-savings,5Y_MONTHLY,MONTHLY,5,59,89,78000,72222,53063,723979,849264,1088.8,92.592308,20260511_FWD_LIFESAVING_CreativeFortunePlus_PREMIUM1300_MONTHLY_5pay.pdf
2026-05-11,FWD,fwd_creative_fortune_plus,創逸致富 (豐裕版),life-savings,5Y_MONTHLY,MONTHLY,5,60,90,78000,72222,56458,762638,891319,1142.716667,92.592308,20260511_FWD_LIFESAVING_CreativeFortunePlus_PREMIUM1300_MONTHLY_5pay.pdf
2026-05-11,FWD,fwd_creative_fortune_plus,創逸致富 (豐裕版),life-savings,5Y_MONTHLY,MONTHLY,5,61,91,78000,72222,59981,803640,935844,1199.8,92.592308,20260511_FWD_LIFESAVING_CreativeFortunePlus_PREMIUM1300_MONTHLY_5pay.pdf
2026-05-11,FWD,fwd_creative_fortune_plus,創逸致富 (豐裕版),life-savings,5Y_MONTHLY,MONTHLY,5,62,92,78000,72222,63636,846400,982259,1259.30641,92.592308,20260511_FWD_LIFESAVING_CreativeFortunePlus_PREMIUM1300_MONTHLY_5pay.pdf
2026-05-11,FWD,fwd_creative_fortune_plus,創逸致富 (豐裕版),life-savings,5Y_MONTHLY,MONTHLY,5,63,93,78000,72222,67428,891502,1031153,1321.991026,92.592308,20260511_FWD_LIFESAVING_CreativeFortunePlus_PREMIUM1300_MONTHLY_5pay.pdf
2026-05-11,FWD,fwd_creative_fortune_plus,創逸致富 (豐裕版),life-savings,5Y_MONTHLY,MONTHLY,5,64,94,78000,72222,71363,939533,1083118,1388.612821,92.592308,20260511_FWD_LIFESAVING_CreativeFortunePlus_PREMIUM1300_MONTHLY_5pay.pdf
2026-05-11,FWD,fwd_creative_fortune_plus,創逸致富 (豐裕版),life-savings,5Y_MONTHLY,MONTHLY,5,65,95,78000,72222,75445,989321,1136989,1457.678205,92.592308,20260511_FWD_LIFESAVING_CreativeFortunePlus_PREMIUM1300_MONTHLY_5pay.pdf
2026-05-11,FWD,fwd_creative_fortune_plus,創逸致富 (豐裕版),life-savings,5Y_MONTHLY,MONTHLY,5,66,96,78000,72222,79680,1042624,1194526,1531.44359,92.592308,20260511_FWD_LIFESAVING_CreativeFortunePlus_PREMIUM1300_MONTHLY_5pay.pdf
2026-05-11,FWD,fwd_creative_fortune_plus,創逸致富 (豐裕版),life-savings,5Y_MONTHLY,MONTHLY,5,67,97,78000,72222,84073,1095341,1251637,1604.662821,92.592308,20260511_FWD_LIFESAVING_CreativeFortunePlus_PREMIUM1300_MONTHLY_5pay.pdf
2026-05-11,FWD,fwd_creative_fortune_plus,創逸致富 (豐裕版),life-savings,5Y_MONTHLY,MONTHLY,5,68,98,78000,72222,88632,1149229,1310084,1679.594872,92.592308,20260511_FWD_LIFESAVING_CreativeFortunePlus_PREMIUM1300_MONTHLY_5pay.pdf
2026-05-11,FWD,fwd_creative_fortune_plus,創逸致富 (豐裕版),life-savings,5Y_MONTHLY,MONTHLY,5,69,99,78000,72222,93362,1219519,1385103,1775.773077,92.592308,20260511_FWD_LIFESAVING_CreativeFortunePlus_PREMIUM1300_MONTHLY_5pay.pdf
2026-05-11,FWD,fwd_creative_fortune_plus,創逸致富 (豐裕版),life-savings,5Y_MONTHLY,MONTHLY,5,70,100,78000,72222,98327,1279264,1449814,1858.735897,92.592308,20260511_FWD_LIFESAVING_CreativeFortunePlus_PREMIUM1300_MONTHLY_5pay.pdf
2026-05-11,FWD,fwd_creative_fortune_plus,創逸致富 (豐裕版),life-savings,5Y_MONTHLY,MONTHLY,5,71,101,78000,72222,103713,1341353,1517289,1945.242308,92.592308,20260511_FWD_LIFESAVING_CreativeFortunePlus_PREMIUM1300_MONTHLY_5pay.pdf
2026-05-11,FWD,fwd_creative_fortune_plus,創逸致富 (豐裕版),life-savings,5Y_MONTHLY,MONTHLY,5,72,102,78000,72222,109301,1406957,1588480,2036.512821,92.592308,20260511_FWD_LIFESAVING_CreativeFortunePlus_PREMIUM1300_MONTHLY_5pay.pdf
2026-05-11,FWD,fwd_creative_fortune_plus,創逸致富 (豐裕版),life-savings,5Y_MONTHLY,MONTHLY,5,73,103,78000,72222,115098,1475489,1662810,2131.807692,92.592308,20260511_FWD_LIFESAVING_CreativeFortunePlus_PREMIUM1300_MONTHLY_5pay.pdf
2026-05-11,FWD,fwd_creative_fortune_plus,創逸致富 (豐裕版),life-savings,5Y_MONTHLY,MONTHLY,5,74,104,78000,72222,121113,1547535,1740871,2231.885897,92.592308,20260511_FWD_LIFESAVING_CreativeFortunePlus_PREMIUM1300_MONTHLY_5pay.pdf
2026-05-11,FWD,fwd_creative_fortune_plus,創逸致富 (豐裕版),life-savings,5Y_MONTHLY,MONTHLY,5,75,105,78000,72222,127354,1623096,1822672,2336.758974,92.592308,20260511_FWD_LIFESAVING_CreativeFortunePlus_PREMIUM1300_MONTHLY_5pay.pdf
2026-05-11,FWD,fwd_creative_fortune_plus,創逸致富 (豐裕版),life-savings,5Y_MONTHLY,MONTHLY,5,76,106,78000,72222,133828,1702172,1908222,2446.438462,92.592308,20260511_FWD_LIFESAVING_CreativeFortunePlus_PREMIUM1300_MONTHLY_5pay.pdf
2026-05-11,FWD,fwd_creative_fortune_plus,創逸致富 (豐裕版),life-savings,5Y_MONTHLY,MONTHLY,5,77,107,78000,72222,140545,1785347,1998115,2561.685897,92.592308,20260511_FWD_LIFESAVING_CreativeFortunePlus_PREMIUM1300_MONTHLY_5pay.pdf
2026-05-11,FWD,fwd_creative_fortune_plus,創逸致富 (豐裕版),life-savings,5Y_MONTHLY,MONTHLY,5,78,108,78000,72222,147514,1872623,2092360,2682.512821,92.592308,20260511_FWD_LIFESAVING_CreativeFortunePlus_PREMIUM1300_MONTHLY_5pay.pdf
2026-05-11,FWD,fwd_creative_fortune_plus,創逸致富 (豐裕版),life-savings,5Y_MONTHLY,MONTHLY,5,79,109,78000,72222,154745,1963999,2190967,2808.932051,92.592308,20260511_FWD_LIFESAVING_CreativeFortunePlus_PREMIUM1300_MONTHLY_5pay.pdf
2026-05-11,FWD,fwd_creative_fortune_plus,創逸致富 (豐裕版),life-savings,5Y_MONTHLY,MONTHLY,5,80,110,78000,72222,162246,2060061,2294530,2941.705128,92.592308,20260511_FWD_LIFESAVING_CreativeFortunePlus_PREMIUM1300_MONTHLY_5pay.pdf
2026-05-11,FWD,fwd_creative_fortune_plus,創逸致富 (豐裕版),life-savings,5Y_MONTHLY,MONTHLY,5,81,111,78000,72222,170029,2160809,2403061,3080.847436,92.592308,20260511_FWD_LIFESAVING_CreativeFortunePlus_PREMIUM1300_MONTHLY_5pay.pdf
2026-05-11,FWD,fwd_creative_fortune_plus,創逸致富 (豐裕版),life-savings,5Y_MONTHLY,MONTHLY,5,82,112,78000,72222,178104,2266243,2516570,3226.371795,92.592308,20260511_FWD_LIFESAVING_CreativeFortunePlus_PREMIUM1300_MONTHLY_5pay.pdf
2026-05-11,FWD,fwd_creative_fortune_plus,創逸致富 (豐裕版),life-savings,5Y_MONTHLY,MONTHLY,5,83,113,78000,72222,186482,2377534,2636239,3379.79359,92.592308,20260511_FWD_LIFESAVING_CreativeFortunePlus_PREMIUM1300_MONTHLY_5pay.pdf
2026-05-11,FWD,fwd_creative_fortune_plus,創逸致富 (豐裕版),life-savings,5Y_MONTHLY,MONTHLY,5,84,114,78000,72222,195173,2493512,2760908,3539.625641,92.592308,20260511_FWD_LIFESAVING_CreativeFortunePlus_PREMIUM1300_MONTHLY_5pay.pdf
2026-05-11,FWD,fwd_creative_fortune_plus,創逸致富 (豐裕版),life-savings,5Y_MONTHLY,MONTHLY,5,85,115,78000,72222,204191,2614175,2890589,3705.883333,92.592308,20260511_FWD_LIFESAVING_CreativeFortunePlus_PREMIUM1300_MONTHLY_5pay.pdf
2026-05-11,FWD,fwd_creative_fortune_plus,創逸致富 (豐裕版),life-savings,5Y_MONTHLY,MONTHLY,5,86,116,78000,72222,213547,2740696,3026465,3880.083333,92.592308,20260511_FWD_LIFESAVING_CreativeFortunePlus_PREMIUM1300_MONTHLY_5pay.pdf
2026-05-11,FWD,fwd_creative_fortune_plus,創逸致富 (豐裕版),life-savings,5Y_MONTHLY,MONTHLY,5,87,117,78000,72222,223254,2873660,3169136,4062.994872,92.592308,20260511_FWD_LIFESAVING_CreativeFortunePlus_PREMIUM1300_MONTHLY_5pay.pdf
2026-05-11,FWD,fwd_creative_fortune_plus,創逸致富 (豐裕版),life-savings,5Y_MONTHLY,MONTHLY,5,88,118,78000,72222,233324,3012481,3318028,4253.882051,92.592308,20260511_FWD_LIFESAVING_CreativeFortunePlus_PREMIUM1300_MONTHLY_5pay.pdf
2026-05-11,FWD,fwd_creative_fortune_plus,創逸致富 (豐裕版),life-savings,5Y_MONTHLY,MONTHLY,5,89,119,78000,72222,243773,3158917,3474912,4455.015385,92.592308,20260511_FWD_LIFESAVING_CreativeFortunePlus_PREMIUM1300_MONTHLY_5pay.pdf
2026-05-11,FWD,fwd_creative_fortune_plus,創逸致富 (豐裕版),life-savings,5Y_MONTHLY,MONTHLY,5,90,120,78000,72222,254671,3311796,3638690,4664.987179,92.592308,20260511_FWD_LIFESAVING_CreativeFortunePlus_PREMIUM1300_MONTHLY_5pay.pdf
2026-05-11,FWD,fwd_creative_fortune_plus,創逸致富 (豐裕版),life-savings,5Y_ANNUAL,ANNUAL,5,1,31,15599,0,79,0,79,0.506443,0.0,20260511_FWD_LIFESAVING_CreativeFortunePlus_PREMIUM15600_ANNUAL_5pay.pdf
2026-05-11,FWD,fwd_creative_fortune_plus,創逸致富 (豐裕版),life-savings,5Y_ANNUAL,ANNUAL,5,2,32,31199,12481,162,0,12643,40.523735,40.004487,20260511_FWD_LIFESAVING_CreativeFortunePlus_PREMIUM15600_ANNUAL_5pay.pdf
2026-05-11,FWD,fwd_creative_fortune_plus,創逸致富 (豐裕版),life-savings,5Y_ANNUAL,ANNUAL,5,3,33,46799,25742,247,6364,32354,69.133956,55.005449,20260511_FWD_LIFESAVING_CreativeFortunePlus_PREMIUM15600_ANNUAL_5pay.pdf
2026-05-11,FWD,fwd_creative_fortune_plus,創逸致富 (豐裕版),life-savings,5Y_ANNUAL,ANNUAL,5,4,34,62399,43681,336,6364,50382,80.741679,70.002724,20260511_FWD_LIFESAVING_CreativeFortunePlus_PREMIUM15600_ANNUAL_5pay.pdf
2026-05-11,FWD,fwd_creative_fortune_plus,創逸致富 (豐裕版),life-savings,5Y_ANNUAL,ANNUAL,5,5,35,77999,63967,428,6364,70759,90.71783,82.010026,20260511_FWD_LIFESAVING_CreativeFortunePlus_PREMIUM15600_ANNUAL_5pay.pdf
2026-05-11,FWD,fwd_creative_fortune_plus,創逸致富 (豐裕版),life-savings,5Y_ANNUAL,ANNUAL,5,6,36,77999,63967,524,6364,70855,90.840908,82.010026,20260511_FWD_LIFESAVING_CreativeFortunePlus_PREMIUM15600_ANNUAL_5pay.pdf
2026-05-11,FWD,fwd_creative_fortune_plus,創逸致富 (豐裕版),life-savings,5Y_ANNUAL,ANNUAL,5,7,37,77999,63967,623,6364,70954,90.967833,82.010026,20260511_FWD_LIFESAVING_CreativeFortunePlus_PREMIUM15600_ANNUAL_5pay.pdf
2026-05-11,FWD,fwd_creative_fortune_plus,創逸致富 (豐裕版),life-savings,5Y_ANNUAL,ANNUAL,5,8,38,77999,63967,726,17501,82194,105.378274,82.010026,20260511_FWD_LIFESAVING_CreativeFortunePlus_PREMIUM15600_ANNUAL_5pay.pdf
2026-05-11,FWD,fwd_creative_fortune_plus,創逸致富 (豐裕版),life-savings,5Y_ANNUAL,ANNUAL,5,9,39,77999,63967,833,18296,83097,106.535981,82.010026,20260511_FWD_LIFESAVING_CreativeFortunePlus_PREMIUM15600_ANNUAL_5pay.pdf
2026-05-11,FWD,fwd_creative_fortune_plus,創逸致富 (豐裕版),life-savings,5Y_ANNUAL,ANNUAL,5,10,40,77999,63967,944,19092,84003,107.697535,82.010026,20260511_FWD_LIFESAVING_CreativeFortunePlus_PREMIUM15600_ANNUAL_5pay.pdf
2026-05-11,FWD,fwd_creative_fortune_plus,創逸致富 (豐裕版),life-savings,5Y_ANNUAL,ANNUAL,5,11,41,77999,63967,1059,19887,84913,108.864216,82.010026,20260511_FWD_LIFESAVING_CreativeFortunePlus_PREMIUM15600_ANNUAL_5pay.pdf
2026-05-11,FWD,fwd_creative_fortune_plus,創逸致富 (豐裕版),life-savings,5Y_ANNUAL,ANNUAL,5,12,42,77999,63967,1178,20683,85828,110.037308,82.010026,20260511_FWD_LIFESAVING_CreativeFortunePlus_PREMIUM15600_ANNUAL_5pay.pdf
2026-05-11,FWD,fwd_creative_fortune_plus,創逸致富 (豐裕版),life-savings,5Y_ANNUAL,ANNUAL,5,13,43,77999,63967,1302,21478,86748,111.21681,82.010026,20260511_FWD_LIFESAVING_CreativeFortunePlus_PREMIUM15600_ANNUAL_5pay.pdf
2026-05-11,FWD,fwd_creative_fortune_plus,創逸致富 (豐裕版),life-savings,5Y_ANNUAL,ANNUAL,5,14,44,77999,63967,1430,22274,87671,112.400159,82.010026,20260511_FWD_LIFESAVING_CreativeFortunePlus_PREMIUM15600_ANNUAL_5pay.pdf
2026-05-11,FWD,fwd_creative_fortune_plus,創逸致富 (豐裕版),life-savings,5Y_ANNUAL,ANNUAL,5,15,45,77999,63967,1563,23865,89396,114.611726,82.010026,20260511_FWD_LIFESAVING_CreativeFortunePlus_PREMIUM15600_ANNUAL_5pay.pdf
2026-05-11,FWD,fwd_creative_fortune_plus,創逸致富 (豐裕版),life-savings,5Y_ANNUAL,ANNUAL,5,16,46,77999,63967,1701,26251,91920,117.847665,82.010026,20260511_FWD_LIFESAVING_CreativeFortunePlus_PREMIUM15600_ANNUAL_5pay.pdf
2026-05-11,FWD,fwd_creative_fortune_plus,創逸致富 (豐裕版),life-savings,5Y_ANNUAL,ANNUAL,5,17,47,77999,63967,1845,28638,94450,121.091296,82.010026,20260511_FWD_LIFESAVING_CreativeFortunePlus_PREMIUM15600_ANNUAL_5pay.pdf
2026-05-11,FWD,fwd_creative_fortune_plus,創逸致富 (豐裕版),life-savings,5Y_ANNUAL,ANNUAL,5,18,48,77999,63967,1993,31820,97781,125.361864,82.010026,20260511_FWD_LIFESAVING_CreativeFortunePlus_PREMIUM15600_ANNUAL_5pay.pdf
2026-05-11,FWD,fwd_creative_fortune_plus,創逸致富 (豐裕版),life-savings,5Y_ANNUAL,ANNUAL,5,19,49,77999,63967,2148,35002,101117,129.638842,82.010026,20260511_FWD_LIFESAVING_CreativeFortunePlus_PREMIUM15600_ANNUAL_5pay.pdf
2026-05-11,FWD,fwd_creative_fortune_plus,創逸致富 (豐裕版),life-savings,5Y_ANNUAL,ANNUAL,5,20,50,77999,63967,2387,38980,105335,135.046603,82.010026,20260511_FWD_LIFESAVING_CreativeFortunePlus_PREMIUM15600_ANNUAL_5pay.pdf
2026-05-11,FWD,fwd_creative_fortune_plus,創逸致富 (豐裕版),life-savings,5Y_ANNUAL,ANNUAL,5,21,51,77999,63967,2636,41366,107970,138.424852,82.010026,20260511_FWD_LIFESAVING_CreativeFortunePlus_PREMIUM15600_ANNUAL_5pay.pdf
2026-05-11,FWD,fwd_creative_fortune_plus,創逸致富 (豐裕版),life-savings,5Y_ANNUAL,ANNUAL,5,22,52,77999,63967,2894,44548,111410,142.835165,82.010026,20260511_FWD_LIFESAVING_CreativeFortunePlus_PREMIUM15600_ANNUAL_5pay.pdf
2026-05-11,FWD,fwd_creative_fortune_plus,創逸致富 (豐裕版),life-savings,5Y_ANNUAL,ANNUAL,5,23,53,77999,63967,3162,47730,114860,147.258298,82.010026,20260511_FWD_LIFESAVING_CreativeFortunePlus_PREMIUM15600_ANNUAL_5pay.pdf
2026-05-11,FWD,fwd_creative_fortune_plus,創逸致富 (豐裕版),life-savings,5Y_ANNUAL,ANNUAL,5,24,54,77999,63967,3439,50912,118319,151.69297,82.010026,20260511_FWD_LIFESAVING_CreativeFortunePlus_PREMIUM15600_ANNUAL_5pay.pdf
2026-05-11,FWD,fwd_creative_fortune_plus,創逸致富 (豐裕版),life-savings,5Y_ANNUAL,ANNUAL,5,25,55,77999,77999,3727,50912,132640,170.053462,100.0,20260511_FWD_LIFESAVING_CreativeFortunePlus_PREMIUM15600_ANNUAL_5pay.pdf
2026-05-11,FWD,fwd_creative_fortune_plus,創逸致富 (豐裕版),life-savings,5Y_ANNUAL,ANNUAL,5,26,56,77999,77999,4026,50912,132939,170.4368,100.0,20260511_FWD_LIFESAVING_CreativeFortunePlus_PREMIUM15600_ANNUAL_5pay.pdf
2026-05-11,FWD,fwd_creative_fortune_plus,創逸致富 (豐裕版),life-savings,5Y_ANNUAL,ANNUAL,5,27,57,77999,77999,4336,50912,133249,170.834241,100.0,20260511_FWD_LIFESAVING_CreativeFortunePlus_PREMIUM15600_ANNUAL_5pay.pdf
2026-05-11,FWD,fwd_creative_fortune_plus,創逸致富 (豐裕版),life-savings,5Y_ANNUAL,ANNUAL,5,28,58,77999,77999,4658,53299,135957,174.306081,100.0,20260511_FWD_LIFESAVING_CreativeFortunePlus_PREMIUM15600_ANNUAL_5pay.pdf
2026-05-11,FWD,fwd_creative_fortune_plus,創逸致富 (豐裕版),life-savings,5Y_ANNUAL,ANNUAL,5,29,59,77999,77999,4992,58072,141064,180.853601,100.0,20260511_FWD_LIFESAVING_CreativeFortunePlus_PREMIUM15600_ANNUAL_5pay.pdf
2026-05-11,FWD,fwd_creative_fortune_plus,創逸致富 (豐裕版),life-savings,5Y_ANNUAL,ANNUAL,5,30,60,77999,77999,5418,62845,146263,187.519071,100.0,20260511_FWD_LIFESAVING_CreativeFortunePlus_PREMIUM15600_ANNUAL_5pay.pdf
2026-05-11,FWD,fwd_creative_fortune_plus,創逸致富 (豐裕版),life-savings,5Y_ANNUAL,ANNUAL,5,31,61,77999,77999,6019,66823,150842,193.389659,100.0,20260511_FWD_LIFESAVING_CreativeFortunePlus_PREMIUM15600_ANNUAL_5pay.pdf
2026-05-11,FWD,fwd_creative_fortune_plus,創逸致富 (豐裕版),life-savings,5Y_ANNUAL,ANNUAL,5,32,62,77999,77999,6722,70800,155522,199.389736,100.0,20260511_FWD_LIFESAVING_CreativeFortunePlus_PREMIUM15600_ANNUAL_5pay.pdf
2026-05-11,FWD,fwd_creative_fortune_plus,創逸致富 (豐裕版),life-savings,5Y_ANNUAL,ANNUAL,5,33,63,77999,77999,7451,74778,160229,205.424429,100.0,20260511_FWD_LIFESAVING_CreativeFortunePlus_PREMIUM15600_ANNUAL_5pay.pdf
2026-05-11,FWD,fwd_creative_fortune_plus,創逸致富 (豐裕版),life-savings,5Y_ANNUAL,ANNUAL,5,34,64,77999,77999,8288,79551,165839,212.616828,100.0,20260511_FWD_LIFESAVING_CreativeFortunePlus_PREMIUM15600_ANNUAL_5pay.pdf
2026-05-11,FWD,fwd_creative_fortune_plus,創逸致富 (豐裕版),life-savings,5Y_ANNUAL,ANNUAL,5,35,65,77999,77999,9235,84324,171559,219.950256,100.0,20260511_FWD_LIFESAVING_CreativeFortunePlus_PREMIUM15600_ANNUAL_5pay.pdf
2026-05-11,FWD,fwd_creative_fortune_plus,創逸致富 (豐裕版),life-savings,5Y_ANNUAL,ANNUAL,5,36,66,77999,77999,10218,89892,178110,228.349081,100.0,20260511_FWD_LIFESAVING_CreativeFortunePlus_PREMIUM15600_ANNUAL_5pay.pdf
2026-05-11,FWD,fwd_creative_fortune_plus,創逸致富 (豐裕版),life-savings,5Y_ANNUAL,ANNUAL,5,37,67,77999,77999,11317,94665,183983,235.878665,100.0,20260511_FWD_LIFESAVING_CreativeFortunePlus_PREMIUM15600_ANNUAL_5pay.pdf
2026-05-11,FWD,fwd_creative_fortune_plus,創逸致富 (豐裕版),life-savings,5Y_ANNUAL,ANNUAL,5,38,68,77999,77999,12537,100234,190771,244.581341,100.0,20260511_FWD_LIFESAVING_CreativeFortunePlus_PREMIUM15600_ANNUAL_5pay.pdf
2026-05-11,FWD,fwd_creative_fortune_plus,創逸致富 (豐裕版),life-savings,5Y_ANNUAL,ANNUAL,5,39,69,77999,77999,13882,105803,197685,253.445557,100.0,20260511_FWD_LIFESAVING_CreativeFortunePlus_PREMIUM15600_ANNUAL_5pay.pdf
2026-05-11,FWD,fwd_creative_fortune_plus,創逸致富 (豐裕版),life-savings,5Y_ANNUAL,ANNUAL,5,40,70,77999,77999,15357,111371,204729,262.476442,100.0,20260511_FWD_LIFESAVING_CreativeFortunePlus_PREMIUM15600_ANNUAL_5pay.pdf
2026-05-11,FWD,fwd_creative_fortune_plus,創逸致富 (豐裕版),life-savings,5Y_ANNUAL,ANNUAL,5,41,71,77999,77999,16887,116940,211828,271.577841,100.0,20260511_FWD_LIFESAVING_CreativeFortunePlus_PREMIUM15600_ANNUAL_5pay.pdf
2026-05-11,FWD,fwd_creative_fortune_plus,創逸致富 (豐裕版),life-savings,5Y_ANNUAL,ANNUAL,5,42,72,77999,77999,18475,123304,219780,281.772843,100.0,20260511_FWD_LIFESAVING_CreativeFortunePlus_PREMIUM15600_ANNUAL_5pay.pdf
2026-05-11,FWD,fwd_creative_fortune_plus,創逸致富 (豐裕版),life-savings,5Y_ANNUAL,ANNUAL,5,43,73,77999,77999,20123,130463,228587,293.064014,100.0,20260511_FWD_LIFESAVING_CreativeFortunePlus_PREMIUM15600_ANNUAL_5pay.pdf
2026-05-11,FWD,fwd_creative_fortune_plus,創逸致富 (豐裕版),life-savings,5Y_ANNUAL,ANNUAL,5,44,74,77999,77999,21912,137623,237535,304.535956,100.0,20260511_FWD_LIFESAVING_CreativeFortunePlus_PREMIUM15600_ANNUAL_5pay.pdf
2026-05-11,FWD,fwd_creative_fortune_plus,創逸致富 (豐裕版),life-savings,5Y_ANNUAL,ANNUAL,5,45,75,77999,77999,24006,144783,246789,316.40021,100.0,20260511_FWD_LIFESAVING_CreativeFortunePlus_PREMIUM15600_ANNUAL_5pay.pdf
2026-05-11,FWD,fwd_creative_fortune_plus,創逸致富 (豐裕版),life-savings,5Y_ANNUAL,ANNUAL,5,46,76,77999,77999,26259,151942,256202,328.468314,100.0,20260511_FWD_LIFESAVING_CreativeFortunePlus_PREMIUM15600_ANNUAL_5pay.pdf
2026-05-11,FWD,fwd_creative_fortune_plus,創逸致富 (豐裕版),life-savings,5Y_ANNUAL,ANNUAL,5,47,77,77999,77999,28675,156715,263391,337.685099,100.0,20260511_FWD_LIFESAVING_CreativeFortunePlus_PREMIUM15600_ANNUAL_5pay.pdf
2026-05-11,FWD,fwd_creative_fortune_plus,創逸致富 (豐裕版),life-savings,5Y_ANNUAL,ANNUAL,5,48,78,77999,77999,31342,161488,270831,347.223682,100.0,20260511_FWD_LIFESAVING_CreativeFortunePlus_PREMIUM15600_ANNUAL_5pay.pdf
2026-05-11,FWD,fwd_creative_fortune_plus,創逸致富 (豐裕版),life-savings,5Y_ANNUAL,ANNUAL,5,49,79,77999,77999,34267,165466,277734,356.073796,100.0,20260511_FWD_LIFESAVING_CreativeFortunePlus_PREMIUM15600_ANNUAL_5pay.pdf
2026-05-11,FWD,fwd_creative_fortune_plus,創逸致富 (豐裕版),life-savings,5Y_ANNUAL,ANNUAL,5,50,80,77999,77999,37382,170239,285622,366.186746,100.0,20260511_FWD_LIFESAVING_CreativeFortunePlus_PREMIUM15600_ANNUAL_5pay.pdf
2026-05-11,FWD,fwd_creative_fortune_plus,創逸致富 (豐裕版),life-savings,5Y_ANNUAL,ANNUAL,5,51,81,77999,77999,40693,174217,292910,375.530456,100.0,20260511_FWD_LIFESAVING_CreativeFortunePlus_PREMIUM15600_ANNUAL_5pay.pdf
2026-05-11,FWD,fwd_creative_fortune_plus,創逸致富 (豐裕版),life-savings,5Y_ANNUAL,ANNUAL,5,52,82,77999,77999,44128,178990,301118,386.053667,100.0,20260511_FWD_LIFESAVING_CreativeFortunePlus_PREMIUM15600_ANNUAL_5pay.pdf
2026-05-11,FWD,fwd_creative_fortune_plus,創逸致富 (豐裕版),life-savings,5Y_ANNUAL,ANNUAL,5,53,83,77999,77999,47692,183763,309456,396.743548,100.0,20260511_FWD_LIFESAVING_CreativeFortunePlus_PREMIUM15600_ANNUAL_5pay.pdf
2026-05-11,FWD,fwd_creative_fortune_plus,創逸致富 (豐裕版),life-savings,5Y_ANNUAL,ANNUAL,5,54,84,77999,77999,51390,188536,317926,407.602662,100.0,20260511_FWD_LIFESAVING_CreativeFortunePlus_PREMIUM15600_ANNUAL_5pay.pdf
2026-05-11,FWD,fwd_creative_fortune_plus,創逸致富 (豐裕版),life-savings,5Y_ANNUAL,ANNUAL,5,55,85,77999,77999,55226,193309,326536,418.641265,100.0,20260511_FWD_LIFESAVING_CreativeFortunePlus_PREMIUM15600_ANNUAL_5pay.pdf
2026-05-11,FWD,fwd_creative_fortune_plus,創逸致富 (豐裕版),life-savings,5Y_ANNUAL,ANNUAL,5,56,86,77999,77999,59207,198082,335289,429.863203,100.0,20260511_FWD_LIFESAVING_CreativeFortunePlus_PREMIUM15600_ANNUAL_5pay.pdf
2026-05-11,FWD,fwd_creative_fortune_plus,創逸致富 (豐裕版),life-savings,5Y_ANNUAL,ANNUAL,5,57,87,77999,77999,63336,203651,344987,442.296696,100.0,20260511_FWD_LIFESAVING_CreativeFortunePlus_PREMIUM15600_ANNUAL_5pay.pdf
2026-05-11,FWD,fwd_creative_fortune_plus,創逸致富 (豐裕版),life-savings,5Y_ANNUAL,ANNUAL,5,58,88,77999,77999,67621,208424,354045,453.909666,100.0,20260511_FWD_LIFESAVING_CreativeFortunePlus_PREMIUM15600_ANNUAL_5pay.pdf
2026-05-11,FWD,fwd_creative_fortune_plus,創逸致富 (豐裕版),life-savings,5Y_ANNUAL,ANNUAL,5,59,89,77999,77999,72066,213992,364058,466.74701,100.0,20260511_FWD_LIFESAVING_CreativeFortunePlus_PREMIUM15600_ANNUAL_5pay.pdf
2026-05-11,FWD,fwd_creative_fortune_plus,創逸致富 (豐裕版),life-savings,5Y_ANNUAL,ANNUAL,5,60,90,77999,77999,76677,218765,373443,478.779215,100.0,20260511_FWD_LIFESAVING_CreativeFortunePlus_PREMIUM15600_ANNUAL_5pay.pdf
2026-05-11,FWD,fwd_creative_fortune_plus,創逸致富 (豐裕版),life-savings,5Y_ANNUAL,ANNUAL,5,61,91,77999,77999,81462,224334,383796,492.052462,100.0,20260511_FWD_LIFESAVING_CreativeFortunePlus_PREMIUM15600_ANNUAL_5pay.pdf
2026-05-11,FWD,fwd_creative_fortune_plus,創逸致富 (豐裕版),life-savings,5Y_ANNUAL,ANNUAL,5,62,92,77999,77999,86426,229902,394329,505.556481,100.0,20260511_FWD_LIFESAVING_CreativeFortunePlus_PREMIUM15600_ANNUAL_5pay.pdf
2026-05-11,FWD,fwd_creative_fortune_plus,創逸致富 (豐裕版),life-savings,5Y_ANNUAL,ANNUAL,5,63,93,77999,77999,91576,235471,405048,519.298965,100.0,20260511_FWD_LIFESAVING_CreativeFortunePlus_PREMIUM15600_ANNUAL_5pay.pdf
2026-05-11,FWD,fwd_creative_fortune_plus,創逸致富 (豐裕版),life-savings,5Y_ANNUAL,ANNUAL,5,64,94,77999,77999,96920,241040,415960,533.288888,100.0,20260511_FWD_LIFESAVING_CreativeFortunePlus_PREMIUM15600_ANNUAL_5pay.pdf
2026-05-11,FWD,fwd_creative_fortune_plus,創逸致富 (豐裕版),life-savings,5Y_ANNUAL,ANNUAL,5,65,95,77999,77999,102463,247404,427867,548.554469,100.0,20260511_FWD_LIFESAVING_CreativeFortunePlus_PREMIUM15600_ANNUAL_5pay.pdf
2026-05-11,FWD,fwd_creative_fortune_plus,創逸致富 (豐裕版),life-savings,5Y_ANNUAL,ANNUAL,5,66,96,77999,77999,108215,252972,439188,563.068757,100.0,20260511_FWD_LIFESAVING_CreativeFortunePlus_PREMIUM15600_ANNUAL_5pay.pdf
2026-05-11,FWD,fwd_creative_fortune_plus,創逸致富 (豐裕版),life-savings,5Y_ANNUAL,ANNUAL,5,67,97,77999,77999,114182,259336,451519,578.877934,100.0,20260511_FWD_LIFESAVING_CreativeFortunePlus_PREMIUM15600_ANNUAL_5pay.pdf
2026-05-11,FWD,fwd_creative_fortune_plus,創逸致富 (豐裕版),life-savings,5Y_ANNUAL,ANNUAL,5,68,98,77999,77999,120373,264905,463279,593.955051,100.0,20260511_FWD_LIFESAVING_CreativeFortunePlus_PREMIUM15600_ANNUAL_5pay.pdf
2026-05-11,FWD,fwd_creative_fortune_plus,創逸致富 (豐裕版),life-savings,5Y_ANNUAL,ANNUAL,5,69,99,77999,77999,126797,271269,476066,610.348851,100.0,20260511_FWD_LIFESAVING_CreativeFortunePlus_PREMIUM15600_ANNUAL_5pay.pdf
2026-05-11,FWD,fwd_creative_fortune_plus,創逸致富 (豐裕版),life-savings,5Y_ANNUAL,ANNUAL,5,70,100,77999,77999,133540,277633,489174,627.154194,100.0,20260511_FWD_LIFESAVING_CreativeFortunePlus_PREMIUM15600_ANNUAL_5pay.pdf
2026-05-11,FWD,fwd_creative_fortune_plus,創逸致富 (豐裕版),life-savings,5Y_ANNUAL,ANNUAL,5,71,101,77999,77999,140855,283997,502853,644.691599,100.0,20260511_FWD_LIFESAVING_CreativeFortunePlus_PREMIUM15600_ANNUAL_5pay.pdf
2026-05-11,FWD,fwd_creative_fortune_plus,創逸致富 (豐裕版),life-savings,5Y_ANNUAL,ANNUAL,5,72,102,77999,77999,148444,290361,516806,662.580289,100.0,20260511_FWD_LIFESAVING_CreativeFortunePlus_PREMIUM15600_ANNUAL_5pay.pdf
2026-05-11,FWD,fwd_creative_fortune_plus,創逸致富 (豐裕版),life-savings,5Y_ANNUAL,ANNUAL,5,73,103,77999,77999,156318,295930,530248,679.813844,100.0,20260511_FWD_LIFESAVING_CreativeFortunePlus_PREMIUM15600_ANNUAL_5pay.pdf
2026-05-11,FWD,fwd_creative_fortune_plus,創逸致富 (豐裕版),life-savings,5Y_ANNUAL,ANNUAL,5,74,104,77999,77999,164487,302294,544781,698.446134,100.0,20260511_FWD_LIFESAVING_CreativeFortunePlus_PREMIUM15600_ANNUAL_5pay.pdf
2026-05-11,FWD,fwd_creative_fortune_plus,創逸致富 (豐裕版),life-savings,5Y_ANNUAL,ANNUAL,5,75,105,77999,77999,172962,308658,559620,717.470737,100.0,20260511_FWD_LIFESAVING_CreativeFortunePlus_PREMIUM15600_ANNUAL_5pay.pdf
2026-05-11,FWD,fwd_creative_fortune_plus,創逸致富 (豐裕版),life-savings,5Y_ANNUAL,ANNUAL,5,76,106,77999,77999,181755,315818,575573,737.923563,100.0,20260511_FWD_LIFESAVING_CreativeFortunePlus_PREMIUM15600_ANNUAL_5pay.pdf
2026-05-11,FWD,fwd_creative_fortune_plus,創逸致富 (豐裕版),life-savings,5Y_ANNUAL,ANNUAL,5,77,107,77999,77999,190878,322182,591060,757.778946,100.0,20260511_FWD_LIFESAVING_CreativeFortunePlus_PREMIUM15600_ANNUAL_5pay.pdf
2026-05-11,FWD,fwd_creative_fortune_plus,創逸致富 (豐裕版),life-savings,5Y_ANNUAL,ANNUAL,5,78,108,77999,77999,200343,328546,606889,778.072796,100.0,20260511_FWD_LIFESAVING_CreativeFortunePlus_PREMIUM15600_ANNUAL_5pay.pdf
2026-05-11,FWD,fwd_creative_fortune_plus,創逸致富 (豐裕版),life-savings,5Y_ANNUAL,ANNUAL,5,79,109,77999,77999,210163,335706,623869,799.842306,100.0,20260511_FWD_LIFESAVING_CreativeFortunePlus_PREMIUM15600_ANNUAL_5pay.pdf
2026-05-11,FWD,fwd_creative_fortune_plus,創逸致富 (豐裕版),life-savings,5Y_ANNUAL,ANNUAL,5,80,110,77999,77999,220351,342070,640421,821.063091,100.0,20260511_FWD_LIFESAVING_CreativeFortunePlus_PREMIUM15600_ANNUAL_5pay.pdf
2026-05-11,FWD,fwd_creative_fortune_plus,創逸致富 (豐裕版),life-savings,5Y_ANNUAL,ANNUAL,5,81,111,77999,77999,230921,349229,658150,843.792869,100.0,20260511_FWD_LIFESAVING_CreativeFortunePlus_PREMIUM15600_ANNUAL_5pay.pdf
2026-05-11,FWD,fwd_creative_fortune_plus,創逸致富 (豐裕版),life-savings,5Y_ANNUAL,ANNUAL,5,82,112,77999,77999,241887,356389,676277,867.032911,100.0,20260511_FWD_LIFESAVING_CreativeFortunePlus_PREMIUM15600_ANNUAL_5pay.pdf
2026-05-11,FWD,fwd_creative_fortune_plus,創逸致富 (豐裕版),life-savings,5Y_ANNUAL,ANNUAL,5,83,113,77999,77999,253265,363548,694814,890.7986,100.0,20260511_FWD_LIFESAVING_CreativeFortunePlus_PREMIUM15600_ANNUAL_5pay.pdf
2026-05-11,FWD,fwd_creative_fortune_plus,創逸致富 (豐裕版),life-savings,5Y_ANNUAL,ANNUAL,5,84,114,77999,77999,265070,370708,713778,915.111732,100.0,20260511_FWD_LIFESAVING_CreativeFortunePlus_PREMIUM15600_ANNUAL_5pay.pdf
2026-05-11,FWD,fwd_creative_fortune_plus,創逸致富 (豐裕版),life-savings,5Y_ANNUAL,ANNUAL,5,85,115,77999,77999,277317,377868,733185,939.99282,100.0,20260511_FWD_LIFESAVING_CreativeFortunePlus_PREMIUM15600_ANNUAL_5pay.pdf
2026-05-11,FWD,fwd_creative_fortune_plus,創逸致富 (豐裕版),life-savings,5Y_ANNUAL,ANNUAL,5,86,116,77999,77999,290023,385027,753051,965.462378,100.0,20260511_FWD_LIFESAVING_CreativeFortunePlus_PREMIUM15600_ANNUAL_5pay.pdf
2026-05-11,FWD,fwd_creative_fortune_plus,創逸致富 (豐裕版),life-savings,5Y_ANNUAL,ANNUAL,5,87,117,77999,77999,303206,392982,774189,992.562725,100.0,20260511_FWD_LIFESAVING_CreativeFortunePlus_PREMIUM15600_ANNUAL_5pay.pdf
2026-05-11,FWD,fwd_creative_fortune_plus,創逸致富 (豐裕版),life-savings,5Y_ANNUAL,ANNUAL,5,88,118,77999,77999,316883,400142,795026,1019.27717,100.0,20260511_FWD_LIFESAVING_CreativeFortunePlus_PREMIUM15600_ANNUAL_5pay.pdf
2026-05-11,FWD,fwd_creative_fortune_plus,創逸致富 (豐裕版),life-savings,5Y_ANNUAL,ANNUAL,5,89,119,77999,77999,331073,408097,817171,1047.66856,100.0,20260511_FWD_LIFESAVING_CreativeFortunePlus_PREMIUM15600_ANNUAL_5pay.pdf
2026-05-11,FWD,fwd_creative_fortune_plus,創逸致富 (豐裕版),life-savings,5Y_ANNUAL,ANNUAL,5,90,120,77999,77999,345875,415257,839132,1075.824049,100.0,20260511_FWD_LIFESAVING_CreativeFortunePlus_PREMIUM15600_ANNUAL_5pay.pdf
2026-05-11,FWD,fwd_creative_fortune_plus,創逸致富 (豐裕版),life-savings,10Y_MONTHLY,MONTHLY,10,1,31,15599,0,107,0,107,0.685941,0.0,20260511_FWD_LIFESAVING_CreativeFortunePlus_PREMIUM1300_MONTHLY_10pay.pdf
2026-05-11,FWD,fwd_creative_fortune_plus,創逸致富 (豐裕版),life-savings,10Y_MONTHLY,MONTHLY,10,2,32,31199,2603,218,0,2822,9.045162,8.343216,20260511_FWD_LIFESAVING_CreativeFortunePlus_PREMIUM1300_MONTHLY_10pay.pdf
2026-05-11,FWD,fwd_creative_fortune_plus,創逸致富 (豐裕版),life-savings,10Y_MONTHLY,MONTHLY,10,3,33,46799,7800,333,2143,10277,21.959871,16.667023,20260511_FWD_LIFESAVING_CreativeFortunePlus_PREMIUM1300_MONTHLY_10pay.pdf
2026-05-11,FWD,fwd_creative_fortune_plus,創逸致富 (豐裕版),life-savings,10Y_MONTHLY,MONTHLY,10,4,34,62399,15601,453,3214,19269,30.880303,25.002003,20260511_FWD_LIFESAVING_CreativeFortunePlus_PREMIUM1300_MONTHLY_10pay.pdf
2026-05-11,FWD,fwd_creative_fortune_plus,創逸致富 (豐裕版),life-savings,10Y_MONTHLY,MONTHLY,10,5,35,77999,26006,577,4286,30870,39.57743,33.341453,20260511_FWD_LIFESAVING_CreativeFortunePlus_PREMIUM1300_MONTHLY_10pay.pdf
2026-05-11,FWD,fwd_creative_fortune_plus,創逸致富 (豐裕版),life-savings,10Y_MONTHLY,MONTHLY,10,6,36,93599,39004,706,4286,43996,47.004776,41.671385,20260511_FWD_LIFESAVING_CreativeFortunePlus_PREMIUM1300_MONTHLY_10pay.pdf
2026-05-11,FWD,fwd_creative_fortune_plus,創逸致富 (豐裕版),life-savings,10Y_MONTHLY,MONTHLY,10,7,37,109199,54605,839,5357,60803,55.680913,50.005037,20260511_FWD_LIFESAVING_CreativeFortunePlus_PREMIUM1300_MONTHLY_10pay.pdf
2026-05-11,FWD,fwd_creative_fortune_plus,創逸致富 (豐裕版),life-savings,10Y_MONTHLY,MONTHLY,10,8,38,124799,72800,978,5357,79137,63.411566,58.333801,20260511_FWD_LIFESAVING_CreativeFortunePlus_PREMIUM1300_MONTHLY_10pay.pdf
2026-05-11,FWD,fwd_creative_fortune_plus,創逸致富 (豐裕版),life-savings,10Y_MONTHLY,MONTHLY,10,9,39,140398,93610,1122,7500,102233,72.816564,66.674739,20260511_FWD_LIFESAVING_CreativeFortunePlus_PREMIUM1300_MONTHLY_10pay.pdf
2026-05-11,FWD,fwd_creative_fortune_plus,創逸致富 (豐裕版),life-savings,10Y_MONTHLY,MONTHLY,10,10,40,155998,118448,1271,7500,127221,81.552969,75.929179,20260511_FWD_LIFESAVING_CreativeFortunePlus_PREMIUM1300_MONTHLY_10pay.pdf
2026-05-11,FWD,fwd_creative_fortune_plus,創逸致富 (豐裕版),life-savings,10Y_MONTHLY,MONTHLY,10,11,41,155998,118448,1426,7500,127376,81.652329,75.929179,20260511_FWD_LIFESAVING_CreativeFortunePlus_PREMIUM1300_MONTHLY_10pay.pdf
2026-05-11,FWD,fwd_creative_fortune_plus,創逸致富 (豐裕版),life-savings,10Y_MONTHLY,MONTHLY,10,12,42,155998,118448,1587,7500,127536,81.754894,75.929179,20260511_FWD_LIFESAVING_CreativeFortunePlus_PREMIUM1300_MONTHLY_10pay.pdf
2026-05-11,FWD,fwd_creative_fortune_plus,創逸致富 (豐裕版),life-savings,10Y_MONTHLY,MONTHLY,10,13,43,155998,118448,1753,7500,127703,81.861947,75.929179,20260511_FWD_LIFESAVING_CreativeFortunePlus_PREMIUM1300_MONTHLY_10pay.pdf
2026-05-11,FWD,fwd_creative_fortune_plus,創逸致富 (豐裕版),life-savings,10Y_MONTHLY,MONTHLY,10,14,44,155998,118448,1926,9643,130019,83.346581,75.929179,20260511_FWD_LIFESAVING_CreativeFortunePlus_PREMIUM1300_MONTHLY_10pay.pdf
2026-05-11,FWD,fwd_creative_fortune_plus,創逸致富 (豐裕版),life-savings,10Y_MONTHLY,MONTHLY,10,15,45,155998,118448,2106,9643,130198,83.461326,75.929179,20260511_FWD_LIFESAVING_CreativeFortunePlus_PREMIUM1300_MONTHLY_10pay.pdf
2026-05-11,FWD,fwd_creative_fortune_plus,創逸致富 (豐裕版),life-savings,10Y_MONTHLY,MONTHLY,10,16,46,155998,118448,2292,10715,131456,84.267747,75.929179,20260511_FWD_LIFESAVING_CreativeFortunePlus_PREMIUM1300_MONTHLY_10pay.pdf
2026-05-11,FWD,fwd_creative_fortune_plus,創逸致富 (豐裕版),life-savings,10Y_MONTHLY,MONTHLY,10,17,47,155998,118448,2485,11787,132721,85.078655,75.929179,20260511_FWD_LIFESAVING_CreativeFortunePlus_PREMIUM1300_MONTHLY_10pay.pdf
2026-05-11,FWD,fwd_creative_fortune_plus,創逸致富 (豐裕版),life-savings,10Y_MONTHLY,MONTHLY,10,18,48,155998,118448,2685,15001,136136,87.267785,75.929179,20260511_FWD_LIFESAVING_CreativeFortunePlus_PREMIUM1300_MONTHLY_10pay.pdf
2026-05-11,FWD,fwd_creative_fortune_plus,創逸致富 (豐裕版),life-savings,10Y_MONTHLY,MONTHLY,10,19,49,155998,118448,2893,18216,139558,89.461403,75.929179,20260511_FWD_LIFESAVING_CreativeFortunePlus_PREMIUM1300_MONTHLY_10pay.pdf
2026-05-11,FWD,fwd_creative_fortune_plus,創逸致富 (豐裕版),life-savings,10Y_MONTHLY,MONTHLY,10,20,50,155998,118448,3216,19287,140953,90.355646,75.929179,20260511_FWD_LIFESAVING_CreativeFortunePlus_PREMIUM1300_MONTHLY_10pay.pdf
2026-05-11,FWD,fwd_creative_fortune_plus,創逸致富 (豐裕版),life-savings,10Y_MONTHLY,MONTHLY,10,21,51,155998,118448,3551,33217,155218,99.499994,75.929179,20260511_FWD_LIFESAVING_CreativeFortunePlus_PREMIUM1300_MONTHLY_10pay.pdf
2026-05-11,FWD,fwd_creative_fortune_plus,創逸致富 (豐裕版),life-savings,10Y_MONTHLY,MONTHLY,10,22,52,155998,118448,3898,46076,168424,107.965487,75.929179,20260511_FWD_LIFESAVING_CreativeFortunePlus_PREMIUM1300_MONTHLY_10pay.pdf
2026-05-11,FWD,fwd_creative_fortune_plus,創逸致富 (豐裕版),life-savings,10Y_MONTHLY,MONTHLY,10,23,53,155998,118448,4259,60006,182714,117.125861,75.929179,20260511_FWD_LIFESAVING_CreativeFortunePlus_PREMIUM1300_MONTHLY_10pay.pdf
2026-05-11,FWD,fwd_creative_fortune_plus,創逸致富 (豐裕版),life-savings,10Y_MONTHLY,MONTHLY,10,24,54,155998,118448,4633,79294,202376,129.729868,75.929179,20260511_FWD_LIFESAVING_CreativeFortunePlus_PREMIUM1300_MONTHLY_10pay.pdf
2026-05-11,FWD,fwd_creative_fortune_plus,創逸致富 (豐裕版),life-savings,10Y_MONTHLY,MONTHLY,10,25,55,155998,144444,5021,79294,228760,146.642906,92.593495,20260511_FWD_LIFESAVING_CreativeFortunePlus_PREMIUM1300_MONTHLY_10pay.pdf
2026-05-11,FWD,fwd_creative_fortune_plus,創逸致富 (豐裕版),life-savings,10Y_MONTHLY,MONTHLY,10,26,56,155998,144444,5424,92152,242021,155.143656,92.593495,20260511_FWD_LIFESAVING_CreativeFortunePlus_PREMIUM1300_MONTHLY_10pay.pdf
2026-05-11,FWD,fwd_creative_fortune_plus,創逸致富 (豐裕版),life-savings,10Y_MONTHLY,MONTHLY,10,27,57,155998,144444,5841,108226,258512,165.714945,92.593495,20260511_FWD_LIFESAVING_CreativeFortunePlus_PREMIUM1300_MONTHLY_10pay.pdf
2026-05-11,FWD,fwd_creative_fortune_plus,創逸致富 (豐裕版),life-savings,10Y_MONTHLY,MONTHLY,10,28,58,155998,144444,6275,127513,278233,178.356774,92.593495,20260511_FWD_LIFESAVING_CreativeFortunePlus_PREMIUM1300_MONTHLY_10pay.pdf
2026-05-11,FWD,fwd_creative_fortune_plus,創逸致富 (豐裕版),life-savings,10Y_MONTHLY,MONTHLY,10,29,59,155998,144444,6724,147873,299042,191.696047,92.593495,20260511_FWD_LIFESAVING_CreativeFortunePlus_PREMIUM1300_MONTHLY_10pay.pdf
2026-05-11,FWD,fwd_creative_fortune_plus,創逸致富 (豐裕版),life-savings,10Y_MONTHLY,MONTHLY,10,30,60,155998,144444,7298,171447,323190,207.175733,92.593495,20260511_FWD_LIFESAVING_CreativeFortunePlus_PREMIUM1300_MONTHLY_10pay.pdf
2026-05-11,FWD,fwd_creative_fortune_plus,創逸致富 (豐裕版),life-savings,10Y_MONTHLY,MONTHLY,10,31,61,155998,144444,8107,185377,337929,216.623931,92.593495,20260511_FWD_LIFESAVING_CreativeFortunePlus_PREMIUM1300_MONTHLY_10pay.pdf
2026-05-11,FWD,fwd_creative_fortune_plus,創逸致富 (豐裕版),life-savings,10Y_MONTHLY,MONTHLY,10,32,62,155998,144444,9054,199307,352806,226.160592,92.593495,20260511_FWD_LIFESAVING_CreativeFortunePlus_PREMIUM1300_MONTHLY_10pay.pdf
2026-05-11,FWD,fwd_creative_fortune_plus,創逸致富 (豐裕版),life-savings,10Y_MONTHLY,MONTHLY,10,33,63,155998,144444,10037,213237,367719,235.72033,92.593495,20260511_FWD_LIFESAVING_CreativeFortunePlus_PREMIUM1300_MONTHLY_10pay.pdf
2026-05-11,FWD,fwd_creative_fortune_plus,創逸致富 (豐裕版),life-savings,10Y_MONTHLY,MONTHLY,10,34,64,155998,144444,11163,229310,384919,246.746112,92.593495,20260511_FWD_LIFESAVING_CreativeFortunePlus_PREMIUM1300_MONTHLY_10pay.pdf
2026-05-11,FWD,fwd_creative_fortune_plus,創逸致富 (豐裕版),life-savings,10Y_MONTHLY,MONTHLY,10,35,65,155998,144444,12439,246455,403339,258.553956,92.593495,20260511_FWD_LIFESAVING_CreativeFortunePlus_PREMIUM1300_MONTHLY_10pay.pdf
2026-05-11,FWD,fwd_creative_fortune_plus,創逸致富 (豐裕版),life-savings,10Y_MONTHLY,MONTHLY,10,36,66,155998,144444,13763,263600,421808,270.39321,92.593495,20260511_FWD_LIFESAVING_CreativeFortunePlus_PREMIUM1300_MONTHLY_10pay.pdf
2026-05-11,FWD,fwd_creative_fortune_plus,創逸致富 (豐裕版),life-savings,10Y_MONTHLY,MONTHLY,10,37,67,155998,144444,15244,282888,442576,283.706201,92.593495,20260511_FWD_LIFESAVING_CreativeFortunePlus_PREMIUM1300_MONTHLY_10pay.pdf
2026-05-11,FWD,fwd_creative_fortune_plus,創逸致富 (豐裕版),life-savings,10Y_MONTHLY,MONTHLY,10,38,68,155998,144444,16887,303247,464579,297.810869,92.593495,20260511_FWD_LIFESAVING_CreativeFortunePlus_PREMIUM1300_MONTHLY_10pay.pdf
2026-05-11,FWD,fwd_creative_fortune_plus,創逸致富 (豐裕版),life-savings,10Y_MONTHLY,MONTHLY,10,39,69,155998,144444,18699,324678,487822,312.710419,92.593495,20260511_FWD_LIFESAVING_CreativeFortunePlus_PREMIUM1300_MONTHLY_10pay.pdf
2026-05-11,FWD,fwd_creative_fortune_plus,創逸致富 (豐裕版),life-savings,10Y_MONTHLY,MONTHLY,10,40,70,155998,144444,20686,347180,512311,328.408698,92.593495,20260511_FWD_LIFESAVING_CreativeFortunePlus_PREMIUM1300_MONTHLY_10pay.pdf
2026-05-11,FWD,fwd_creative_fortune_plus,創逸致富 (豐裕版),life-savings,10Y_MONTHLY,MONTHLY,10,41,71,155998,144444,22747,377184,544376,348.963448,92.593495,20260511_FWD_LIFESAVING_CreativeFortunePlus_PREMIUM1300_MONTHLY_10pay.pdf
2026-05-11,FWD,fwd_creative_fortune_plus,創逸致富 (豐裕版),life-savings,10Y_MONTHLY,MONTHLY,10,42,72,155998,144444,24886,409330,578661,370.941294,92.593495,20260511_FWD_LIFESAVING_CreativeFortunePlus_PREMIUM1300_MONTHLY_10pay.pdf
2026-05-11,FWD,fwd_creative_fortune_plus,創逸致富 (豐裕版),life-savings,10Y_MONTHLY,MONTHLY,10,43,73,155998,144444,27105,444691,616241,395.031347,92.593495,20260511_FWD_LIFESAVING_CreativeFortunePlus_PREMIUM1300_MONTHLY_10pay.pdf
2026-05-11,FWD,fwd_creative_fortune_plus,創逸致富 (豐裕版),life-savings,10Y_MONTHLY,MONTHLY,10,44,74,155998,144444,29515,483267,657227,421.30476,92.593495,20260511_FWD_LIFESAVING_CreativeFortunePlus_PREMIUM1300_MONTHLY_10pay.pdf
2026-05-11,FWD,fwd_creative_fortune_plus,創逸致富 (豐裕版),life-savings,10Y_MONTHLY,MONTHLY,10,45,75,155998,144444,32336,527200,703981,451.275657,92.593495,20260511_FWD_LIFESAVING_CreativeFortunePlus_PREMIUM1300_MONTHLY_10pay.pdf
2026-05-11,FWD,fwd_creative_fortune_plus,創逸致富 (豐裕版),life-savings,10Y_MONTHLY,MONTHLY,10,46,76,155998,144444,35370,571134,750949,481.383736,92.593495,20260511_FWD_LIFESAVING_CreativeFortunePlus_PREMIUM1300_MONTHLY_10pay.pdf
2026-05-11,FWD,fwd_creative_fortune_plus,創逸致富 (豐裕版),life-savings,10Y_MONTHLY,MONTHLY,10,47,77,155998,144444,38626,621496,804567,515.754689,92.593495,20260511_FWD_LIFESAVING_CreativeFortunePlus_PREMIUM1300_MONTHLY_10pay.pdf
2026-05-11,FWD,fwd_creative_fortune_plus,創逸致富 (豐裕版),life-savings,10Y_MONTHLY,MONTHLY,10,48,78,155998,144444,42217,676145,862807,553.088501,92.593495,20260511_FWD_LIFESAVING_CreativeFortunePlus_PREMIUM1300_MONTHLY_10pay.pdf
2026-05-11,FWD,fwd_creative_fortune_plus,創逸致富 (豐裕版),life-savings,10Y_MONTHLY,MONTHLY,10,49,79,155998,144444,46158,736152,926754,594.080693,92.593495,20260511_FWD_LIFESAVING_CreativeFortunePlus_PREMIUM1300_MONTHLY_10pay.pdf
2026-05-11,FWD,fwd_creative_fortune_plus,創逸致富 (豐裕版),life-savings,10Y_MONTHLY,MONTHLY,10,50,80,155998,144444,50353,801516,996314,638.671009,92.593495,20260511_FWD_LIFESAVING_CreativeFortunePlus_PREMIUM1300_MONTHLY_10pay.pdf
2026-05-11,FWD,fwd_creative_fortune_plus,創逸致富 (豐裕版),life-savings,10Y_MONTHLY,MONTHLY,10,51,81,155998,144444,54813,844378,1043636,669.006013,92.593495,20260511_FWD_LIFESAVING_CreativeFortunePlus_PREMIUM1300_MONTHLY_10pay.pdf
2026-05-11,FWD,fwd_creative_fortune_plus,創逸致富 (豐裕版),life-savings,10Y_MONTHLY,MONTHLY,10,52,82,155998,144444,59441,888311,1092197,700.135258,92.593495,20260511_FWD_LIFESAVING_CreativeFortunePlus_PREMIUM1300_MONTHLY_10pay.pdf
2026-05-11,FWD,fwd_creative_fortune_plus,創逸致富 (豐裕版),life-savings,10Y_MONTHLY,MONTHLY,10,53,83,155998,144444,64241,935459,1144145,733.435685,92.593495,20260511_FWD_LIFESAVING_CreativeFortunePlus_PREMIUM1300_MONTHLY_10pay.pdf
2026-05-11,FWD,fwd_creative_fortune_plus,創逸致富 (豐裕版),life-savings,10Y_MONTHLY,MONTHLY,10,54,84,155998,144444,69222,984750,1198417,768.225875,92.593495,20260511_FWD_LIFESAVING_CreativeFortunePlus_PREMIUM1300_MONTHLY_10pay.pdf
2026-05-11,FWD,fwd_creative_fortune_plus,創逸致富 (豐裕版),life-savings,10Y_MONTHLY,MONTHLY,10,55,85,155998,144444,74390,1037256,1256091,805.196861,92.593495,20260511_FWD_LIFESAVING_CreativeFortunePlus_PREMIUM1300_MONTHLY_10pay.pdf
2026-05-11,FWD,fwd_creative_fortune_plus,創逸致富 (豐裕版),life-savings,10Y_MONTHLY,MONTHLY,10,56,86,155998,144444,79751,1091905,1316101,843.665303,92.593495,20260511_FWD_LIFESAVING_CreativeFortunePlus_PREMIUM1300_MONTHLY_10pay.pdf
2026-05-11,FWD,fwd_creative_fortune_plus,創逸致富 (豐裕版),life-savings,10Y_MONTHLY,MONTHLY,10,57,87,155998,144444,85313,1149768,1379527,884.323517,92.593495,20260511_FWD_LIFESAVING_CreativeFortunePlus_PREMIUM1300_MONTHLY_10pay.pdf
2026-05-11,FWD,fwd_creative_fortune_plus,創逸致富 (豐裕版),life-savings,10Y_MONTHLY,MONTHLY,10,58,88,155998,144444,91084,1208703,1444233,925.802254,92.593495,20260511_FWD_LIFESAVING_CreativeFortunePlus_PREMIUM1300_MONTHLY_10pay.pdf
2026-05-11,FWD,fwd_creative_fortune_plus,創逸致富 (豐裕版),life-savings,10Y_MONTHLY,MONTHLY,10,59,89,155998,144444,97072,1272996,1514513,970.854114,92.593495,20260511_FWD_LIFESAVING_CreativeFortunePlus_PREMIUM1300_MONTHLY_10pay.pdf
2026-05-11,FWD,fwd_creative_fortune_plus,創逸致富 (豐裕版),life-savings,10Y_MONTHLY,MONTHLY,10,60,90,155998,144444,103284,1340504,1588232,1018.110489,92.593495,20260511_FWD_LIFESAVING_CreativeFortunePlus_PREMIUM1300_MONTHLY_10pay.pdf
2026-05-11,FWD,fwd_creative_fortune_plus,創逸致富 (豐裕版),life-savings,10Y_MONTHLY,MONTHLY,10,61,91,155998,144444,109728,1412297,1666471,1068.264337,92.593495,20260511_FWD_LIFESAVING_CreativeFortunePlus_PREMIUM1300_MONTHLY_10pay.pdf
2026-05-11,FWD,fwd_creative_fortune_plus,創逸致富 (豐裕版),life-savings,10Y_MONTHLY,MONTHLY,10,62,92,155998,144444,116415,1487305,1748165,1120.632957,92.593495,20260511_FWD_LIFESAVING_CreativeFortunePlus_PREMIUM1300_MONTHLY_10pay.pdf
2026-05-11,FWD,fwd_creative_fortune_plus,創逸致富 (豐裕版),life-savings,10Y_MONTHLY,MONTHLY,10,63,93,155998,144444,123352,1566600,1834397,1175.910589,92.593495,20260511_FWD_LIFESAVING_CreativeFortunePlus_PREMIUM1300_MONTHLY_10pay.pdf
2026-05-11,FWD,fwd_creative_fortune_plus,創逸致富 (豐裕版),life-savings,10Y_MONTHLY,MONTHLY,10,64,94,155998,144444,130550,1649109,1924103,1233.415172,92.593495,20260511_FWD_LIFESAVING_CreativeFortunePlus_PREMIUM1300_MONTHLY_10pay.pdf
2026-05-11,FWD,fwd_creative_fortune_plus,創逸致富 (豐裕版),life-savings,10Y_MONTHLY,MONTHLY,10,65,95,155998,144444,138017,1736976,2019438,1294.528135,92.593495,20260511_FWD_LIFESAVING_CreativeFortunePlus_PREMIUM1300_MONTHLY_10pay.pdf
2026-05-11,FWD,fwd_creative_fortune_plus,創逸致富 (豐裕版),life-savings,10Y_MONTHLY,MONTHLY,10,66,96,155998,144444,145764,1829129,2119338,1358.567418,92.593495,20260511_FWD_LIFESAVING_CreativeFortunePlus_PREMIUM1300_MONTHLY_10pay.pdf
2026-05-11,FWD,fwd_creative_fortune_plus,創逸致富 (豐裕版),life-savings,10Y_MONTHLY,MONTHLY,10,67,97,155998,144444,153802,1925568,2223815,1425.540712,92.593495,20260511_FWD_LIFESAVING_CreativeFortunePlus_PREMIUM1300_MONTHLY_10pay.pdf
2026-05-11,FWD,fwd_creative_fortune_plus,創逸致富 (豐裕版),life-savings,10Y_MONTHLY,MONTHLY,10,68,98,155998,144444,162142,2023078,2329665,1493.394146,92.593495,20260511_FWD_LIFESAVING_CreativeFortunePlus_PREMIUM1300_MONTHLY_10pay.pdf
2026-05-11,FWD,fwd_creative_fortune_plus,創逸致富 (豐裕版),life-savings,10Y_MONTHLY,MONTHLY,10,69,99,155998,144444,170794,2137734,2452972,1572.438108,92.593495,20260511_FWD_LIFESAVING_CreativeFortunePlus_PREMIUM1300_MONTHLY_10pay.pdf
2026-05-11,FWD,fwd_creative_fortune_plus,創逸致富 (豐裕版),life-savings,10Y_MONTHLY,MONTHLY,10,70,100,155998,144444,179877,2242745,2567068,1645.577507,92.593495,20260511_FWD_LIFESAVING_CreativeFortunePlus_PREMIUM1300_MONTHLY_10pay.pdf
2026-05-11,FWD,fwd_creative_fortune_plus,創逸致富 (豐裕版),life-savings,10Y_MONTHLY,MONTHLY,10,71,101,155998,144444,189730,2353115,2687290,1722.64388,92.593495,20260511_FWD_LIFESAVING_CreativeFortunePlus_PREMIUM1300_MONTHLY_10pay.pdf
2026-05-11,FWD,fwd_creative_fortune_plus,創逸致富 (豐裕版),life-savings,10Y_MONTHLY,MONTHLY,10,72,102,155998,144444,199953,2467770,2812168,1802.694906,92.593495,20260511_FWD_LIFESAVING_CreativeFortunePlus_PREMIUM1300_MONTHLY_10pay.pdf
2026-05-11,FWD,fwd_creative_fortune_plus,創逸致富 (豐裕版),life-savings,10Y_MONTHLY,MONTHLY,10,73,103,155998,144444,210558,2588855,2943858,1887.112655,92.593495,20260511_FWD_LIFESAVING_CreativeFortunePlus_PREMIUM1300_MONTHLY_10pay.pdf
2026-05-11,FWD,fwd_creative_fortune_plus,創逸致富 (豐裕版),life-savings,10Y_MONTHLY,MONTHLY,10,74,104,155998,144444,221562,2716369,3082375,1975.906742,92.593495,20260511_FWD_LIFESAVING_CreativeFortunePlus_PREMIUM1300_MONTHLY_10pay.pdf
2026-05-11,FWD,fwd_creative_fortune_plus,創逸致富 (豐裕版),life-savings,10Y_MONTHLY,MONTHLY,10,75,105,155998,144444,232978,2849240,3226663,2068.400236,92.593495,20260511_FWD_LIFESAVING_CreativeFortunePlus_PREMIUM1300_MONTHLY_10pay.pdf
2026-05-11,FWD,fwd_creative_fortune_plus,創逸致富 (豐裕版),life-savings,10Y_MONTHLY,MONTHLY,10,76,106,155998,144444,244822,2988541,3377808,2165.289299,92.593495,20260511_FWD_LIFESAVING_CreativeFortunePlus_PREMIUM1300_MONTHLY_10pay.pdf
2026-05-11,FWD,fwd_creative_fortune_plus,創逸致富 (豐裕版),life-savings,10Y_MONTHLY,MONTHLY,10,77,107,155998,144444,257110,3135343,3536898,2267.271375,92.593495,20260511_FWD_LIFESAVING_CreativeFortunePlus_PREMIUM1300_MONTHLY_10pay.pdf
2026-05-11,FWD,fwd_creative_fortune_plus,創逸致富 (豐裕版),life-savings,10Y_MONTHLY,MONTHLY,10,78,108,155998,144444,269860,3288574,3702879,2373.670816,92.593495,20260511_FWD_LIFESAVING_CreativeFortunePlus_PREMIUM1300_MONTHLY_10pay.pdf
2026-05-11,FWD,fwd_creative_fortune_plus,創逸致富 (豐裕版),life-savings,10Y_MONTHLY,MONTHLY,10,79,109,155998,144444,283087,3450378,3877909,2485.870973,92.593495,20260511_FWD_LIFESAVING_CreativeFortunePlus_PREMIUM1300_MONTHLY_10pay.pdf
2026-05-11,FWD,fwd_creative_fortune_plus,創逸致富 (豐裕版),life-savings,10Y_MONTHLY,MONTHLY,10,80,110,155998,144444,296810,3618610,4059865,2602.51093,92.593495,20260511_FWD_LIFESAVING_CreativeFortunePlus_PREMIUM1300_MONTHLY_10pay.pdf
2026-05-11,FWD,fwd_creative_fortune_plus,創逸致富 (豐裕版),life-savings,10Y_MONTHLY,MONTHLY,10,81,111,155998,144444,311048,3796487,4251980,2725.66315,92.593495,20260511_FWD_LIFESAVING_CreativeFortunePlus_PREMIUM1300_MONTHLY_10pay.pdf
2026-05-11,FWD,fwd_creative_fortune_plus,創逸致富 (豐裕版),life-savings,10Y_MONTHLY,MONTHLY,10,82,112,155998,144444,325820,3982936,4453201,2854.652624,92.593495,20260511_FWD_LIFESAVING_CreativeFortunePlus_PREMIUM1300_MONTHLY_10pay.pdf
2026-05-11,FWD,fwd_creative_fortune_plus,創逸致富 (豐裕版),life-savings,10Y_MONTHLY,MONTHLY,10,83,113,155998,144444,341145,4174743,4660333,2987.431249,92.593495,20260511_FWD_LIFESAVING_CreativeFortunePlus_PREMIUM1300_MONTHLY_10pay.pdf
2026-05-11,FWD,fwd_creative_fortune_plus,創逸致富 (豐裕版),life-savings,10Y_MONTHLY,MONTHLY,10,84,114,155998,144444,357046,4383694,4885185,3131.568994,92.593495,20260511_FWD_LIFESAVING_CreativeFortunePlus_PREMIUM1300_MONTHLY_10pay.pdf
2026-05-11,FWD,fwd_creative_fortune_plus,創逸致富 (豐裕版),life-savings,10Y_MONTHLY,MONTHLY,10,85,115,155998,144444,373543,4596932,5114919,3278.836267,92.593495,20260511_FWD_LIFESAVING_CreativeFortunePlus_PREMIUM1300_MONTHLY_10pay.pdf
2026-05-11,FWD,fwd_creative_fortune_plus,創逸致富 (豐裕版),life-savings,10Y_MONTHLY,MONTHLY,10,86,116,155998,144444,390658,4820885,5355988,3433.369659,92.593495,20260511_FWD_LIFESAVING_CreativeFortunePlus_PREMIUM1300_MONTHLY_10pay.pdf
2026-05-11,FWD,fwd_creative_fortune_plus,創逸致富 (豐裕版),life-savings,10Y_MONTHLY,MONTHLY,10,87,117,155998,144444,408415,5050196,5603056,3591.748612,92.593495,20260511_FWD_LIFESAVING_CreativeFortunePlus_PREMIUM1300_MONTHLY_10pay.pdf
2026-05-11,FWD,fwd_creative_fortune_plus,創逸致富 (豐裕版),life-savings,10Y_MONTHLY,MONTHLY,10,88,118,155998,144444,426838,5296651,5867935,3761.54502,92.593495,20260511_FWD_LIFESAVING_CreativeFortunePlus_PREMIUM1300_MONTHLY_10pay.pdf
2026-05-11,FWD,fwd_creative_fortune_plus,創逸致富 (豐裕版),life-savings,10Y_MONTHLY,MONTHLY,10,89,119,155998,144444,445952,5555966,6146363,3940.026795,92.593495,20260511_FWD_LIFESAVING_CreativeFortunePlus_PREMIUM1300_MONTHLY_10pay.pdf
2026-05-11,FWD,fwd_creative_fortune_plus,創逸致富 (豐裕版),life-savings,10Y_MONTHLY,MONTHLY,10,90,120,155998,144444,465890,5827067,6437402,4126.592649,92.593495,20260511_FWD_LIFESAVING_CreativeFortunePlus_PREMIUM1300_MONTHLY_10pay.pdf
2026-05-11,FWD,fwd_creative_fortune_plus,創逸致富 (豐裕版),life-savings,10Y_ANNUAL,ANNUAL,10,1,31,15599,0,115,0,115,0.737227,0.0,20260511_FWD_LIFESAVING_CreativeFortunePlus_PREMIUM15600_ANNUAL_10pay.pdf
2026-05-11,FWD,fwd_creative_fortune_plus,創逸致富 (豐裕版),life-savings,10Y_ANNUAL,ANNUAL,10,2,32,31199,2812,235,0,3047,9.766339,9.013109,20260511_FWD_LIFESAVING_CreativeFortunePlus_PREMIUM15600_ANNUAL_10pay.pdf
2026-05-11,FWD,fwd_creative_fortune_plus,創逸致富 (豐裕版),life-savings,10Y_ANNUAL,ANNUAL,10,3,33,46799,8424,360,2314,11099,23.716319,18.000385,20260511_FWD_LIFESAVING_CreativeFortunePlus_PREMIUM15600_ANNUAL_10pay.pdf
2026-05-11,FWD,fwd_creative_fortune_plus,創逸致富 (豐裕版),life-savings,10Y_ANNUAL,ANNUAL,10,4,34,62399,16849,489,3471,20811,33.351496,27.002035,20260511_FWD_LIFESAVING_CreativeFortunePlus_PREMIUM15600_ANNUAL_10pay.pdf
2026-05-11,FWD,fwd_creative_fortune_plus,創逸致富 (豐裕版),life-savings,10Y_ANNUAL,ANNUAL,10,5,35,77999,28086,623,4629,33339,42.742856,36.008154,20260511_FWD_LIFESAVING_CreativeFortunePlus_PREMIUM15600_ANNUAL_10pay.pdf
2026-05-11,FWD,fwd_creative_fortune_plus,創逸致富 (豐裕版),life-savings,10Y_ANNUAL,ANNUAL,10,6,36,93599,42124,762,4629,47516,50.7655,45.004754,20260511_FWD_LIFESAVING_CreativeFortunePlus_PREMIUM15600_ANNUAL_10pay.pdf
2026-05-11,FWD,fwd_creative_fortune_plus,創逸致富 (豐裕版),life-savings,10Y_ANNUAL,ANNUAL,10,7,37,109199,58974,907,5786,65667,60.135166,54.005989,20260511_FWD_LIFESAVING_CreativeFortunePlus_PREMIUM15600_ANNUAL_10pay.pdf
2026-05-11,FWD,fwd_creative_fortune_plus,創逸致富 (豐裕版),life-savings,10Y_ANNUAL,ANNUAL,10,8,38,124799,78624,1056,5786,85468,68.484523,63.000505,20260511_FWD_LIFESAVING_CreativeFortunePlus_PREMIUM15600_ANNUAL_10pay.pdf
2026-05-11,FWD,fwd_creative_fortune_plus,創逸致富 (豐裕版),life-savings,10Y_ANNUAL,ANNUAL,10,9,39,140399,101099,1212,8100,110412,78.641586,72.008348,20260511_FWD_LIFESAVING_CreativeFortunePlus_PREMIUM15600_ANNUAL_10pay.pdf
2026-05-11,FWD,fwd_creative_fortune_plus,創逸致富 (豐裕版),life-savings,10Y_ANNUAL,ANNUAL,10,10,40,155999,127924,1373,8100,137398,88.076206,82.00309,20260511_FWD_LIFESAVING_CreativeFortunePlus_PREMIUM15600_ANNUAL_10pay.pdf
2026-05-11,FWD,fwd_creative_fortune_plus,創逸致富 (豐裕版),life-savings,10Y_ANNUAL,ANNUAL,10,11,41,155999,127924,1540,8100,137566,88.183899,82.00309,20260511_FWD_LIFESAVING_CreativeFortunePlus_PREMIUM15600_ANNUAL_10pay.pdf
2026-05-11,FWD,fwd_creative_fortune_plus,創逸致富 (豐裕版),life-savings,10Y_ANNUAL,ANNUAL,10,12,42,155999,127924,1714,8100,137739,88.294797,82.00309,20260511_FWD_LIFESAVING_CreativeFortunePlus_PREMIUM15600_ANNUAL_10pay.pdf
2026-05-11,FWD,fwd_creative_fortune_plus,創逸致富 (豐裕版),life-savings,10Y_ANNUAL,ANNUAL,10,13,43,155999,127924,1894,8100,137919,88.410182,82.00309,20260511_FWD_LIFESAVING_CreativeFortunePlus_PREMIUM15600_ANNUAL_10pay.pdf
2026-05-11,FWD,fwd_creative_fortune_plus,創逸致富 (豐裕版),life-savings,10Y_ANNUAL,ANNUAL,10,14,44,155999,127924,2080,10415,140420,90.013398,82.00309,20260511_FWD_LIFESAVING_CreativeFortunePlus_PREMIUM15600_ANNUAL_10pay.pdf
2026-05-11,FWD,fwd_creative_fortune_plus,創逸致富 (豐裕版),life-savings,10Y_ANNUAL,ANNUAL,10,15,45,155999,127924,2274,10415,140614,90.137757,82.00309,20260511_FWD_LIFESAVING_CreativeFortunePlus_PREMIUM15600_ANNUAL_10pay.pdf
2026-05-11,FWD,fwd_creative_fortune_plus,創逸致富 (豐裕版),life-savings,10Y_ANNUAL,ANNUAL,10,16,46,155999,127924,2475,11572,141973,91.008917,82.00309,20260511_FWD_LIFESAVING_CreativeFortunePlus_PREMIUM15600_ANNUAL_10pay.pdf
2026-05-11,FWD,fwd_creative_fortune_plus,創逸致富 (豐裕版),life-savings,10Y_ANNUAL,ANNUAL,10,17,47,155999,127924,2684,12729,143338,91.883922,82.00309,20260511_FWD_LIFESAVING_CreativeFortunePlus_PREMIUM15600_ANNUAL_10pay.pdf
2026-05-11,FWD,fwd_creative_fortune_plus,創逸致富 (豐裕版),life-savings,10Y_ANNUAL,ANNUAL,10,18,48,155999,127924,2900,16201,147027,94.248681,82.00309,20260511_FWD_LIFESAVING_CreativeFortunePlus_PREMIUM15600_ANNUAL_10pay.pdf
2026-05-11,FWD,fwd_creative_fortune_plus,創逸致富 (豐裕版),life-savings,10Y_ANNUAL,ANNUAL,10,19,49,155999,127924,3125,19673,150723,96.617927,82.00309,20260511_FWD_LIFESAVING_CreativeFortunePlus_PREMIUM15600_ANNUAL_10pay.pdf
2026-05-11,FWD,fwd_creative_fortune_plus,創逸致富 (豐裕版),life-savings,10Y_ANNUAL,ANNUAL,10,20,50,155999,127924,3473,20830,152229,97.583318,82.00309,20260511_FWD_LIFESAVING_CreativeFortunePlus_PREMIUM15600_ANNUAL_10pay.pdf
2026-05-11,FWD,fwd_creative_fortune_plus,創逸致富 (豐裕版),life-savings,10Y_ANNUAL,ANNUAL,10,21,51,155999,127924,3835,35875,167635,107.459022,82.00309,20260511_FWD_LIFESAVING_CreativeFortunePlus_PREMIUM15600_ANNUAL_10pay.pdf
2026-05-11,FWD,fwd_creative_fortune_plus,創逸致富 (豐裕版),life-savings,10Y_ANNUAL,ANNUAL,10,22,52,155999,127924,4210,49762,181898,116.60203,82.00309,20260511_FWD_LIFESAVING_CreativeFortunePlus_PREMIUM15600_ANNUAL_10pay.pdf
2026-05-11,FWD,fwd_creative_fortune_plus,創逸致富 (豐裕版),life-savings,10Y_ANNUAL,ANNUAL,10,23,53,155999,127924,4600,64807,197331,126.495042,82.00309,20260511_FWD_LIFESAVING_CreativeFortunePlus_PREMIUM15600_ANNUAL_10pay.pdf
2026-05-11,FWD,fwd_creative_fortune_plus,創逸致富 (豐裕版),life-savings,10Y_ANNUAL,ANNUAL,10,24,54,155999,127924,5004,85637,218566,140.107308,82.00309,20260511_FWD_LIFESAVING_CreativeFortunePlus_PREMIUM15600_ANNUAL_10pay.pdf
2026-05-11,FWD,fwd_creative_fortune_plus,創逸致富 (豐裕版),life-savings,10Y_ANNUAL,ANNUAL,10,25,55,155999,155999,5423,85637,247061,158.373451,100.0,20260511_FWD_LIFESAVING_CreativeFortunePlus_PREMIUM15600_ANNUAL_10pay.pdf
2026-05-11,FWD,fwd_creative_fortune_plus,創逸致富 (豐裕版),life-savings,10Y_ANNUAL,ANNUAL,10,26,56,155999,155999,5858,99525,261383,167.554279,100.0,20260511_FWD_LIFESAVING_CreativeFortunePlus_PREMIUM15600_ANNUAL_10pay.pdf
2026-05-11,FWD,fwd_creative_fortune_plus,創逸致富 (豐裕版),life-savings,10Y_ANNUAL,ANNUAL,10,27,57,155999,155999,6309,116884,279193,178.971019,100.0,20260511_FWD_LIFESAVING_CreativeFortunePlus_PREMIUM15600_ANNUAL_10pay.pdf
2026-05-11,FWD,fwd_creative_fortune_plus,創逸致富 (豐裕版),life-savings,10Y_ANNUAL,ANNUAL,10,28,58,155999,155999,6777,137715,300492,192.624312,100.0,20260511_FWD_LIFESAVING_CreativeFortunePlus_PREMIUM15600_ANNUAL_10pay.pdf
2026-05-11,FWD,fwd_creative_fortune_plus,創逸致富 (豐裕版),life-savings,10Y_ANNUAL,ANNUAL,10,29,59,155999,155999,7262,159703,322966,207.030814,100.0,20260511_FWD_LIFESAVING_CreativeFortunePlus_PREMIUM15600_ANNUAL_10pay.pdf
2026-05-11,FWD,fwd_creative_fortune_plus,創逸致富 (豐裕版),life-savings,10Y_ANNUAL,ANNUAL,10,30,60,155999,155999,7882,185163,349045,223.748229,100.0,20260511_FWD_LIFESAVING_CreativeFortunePlus_PREMIUM15600_ANNUAL_10pay.pdf
2026-05-11,FWD,fwd_creative_fortune_plus,創逸致富 (豐裕版),life-savings,10Y_ANNUAL,ANNUAL,10,31,61,155999,155999,8756,200207,364964,233.952782,100.0,20260511_FWD_LIFESAVING_CreativeFortunePlus_PREMIUM15600_ANNUAL_10pay.pdf
2026-05-11,FWD,fwd_creative_fortune_plus,創逸致富 (豐裕版),life-savings,10Y_ANNUAL,ANNUAL,10,32,62,155999,155999,9779,215252,381031,244.252207,100.0,20260511_FWD_LIFESAVING_CreativeFortunePlus_PREMIUM15600_ANNUAL_10pay.pdf
2026-05-11,FWD,fwd_creative_fortune_plus,創逸致富 (豐裕版),life-savings,10Y_ANNUAL,ANNUAL,10,33,63,155999,155999,10840,230296,397137,254.576632,100.0,20260511_FWD_LIFESAVING_CreativeFortunePlus_PREMIUM15600_ANNUAL_10pay.pdf
2026-05-11,FWD,fwd_creative_fortune_plus,創逸致富 (豐裕版),life-savings,10Y_ANNUAL,ANNUAL,10,34,64,155999,155999,12057,247655,415712,266.48376,100.0,20260511_FWD_LIFESAVING_CreativeFortunePlus_PREMIUM15600_ANNUAL_10pay.pdf
2026-05-11,FWD,fwd_creative_fortune_plus,創逸致富 (豐裕版),life-savings,10Y_ANNUAL,ANNUAL,10,35,65,155999,155999,13435,266172,435607,279.237046,100.0,20260511_FWD_LIFESAVING_CreativeFortunePlus_PREMIUM15600_ANNUAL_10pay.pdf
2026-05-11,FWD,fwd_creative_fortune_plus,創逸致富 (豐裕版),life-savings,10Y_ANNUAL,ANNUAL,10,36,66,155999,155999,14864,284688,455553,292.023026,100.0,20260511_FWD_LIFESAVING_CreativeFortunePlus_PREMIUM15600_ANNUAL_10pay.pdf
2026-05-11,FWD,fwd_creative_fortune_plus,創逸致富 (豐裕版),life-savings,10Y_ANNUAL,ANNUAL,10,37,67,155999,155999,16463,305519,477982,306.400682,100.0,20260511_FWD_LIFESAVING_CreativeFortunePlus_PREMIUM15600_ANNUAL_10pay.pdf
2026-05-11,FWD,fwd_creative_fortune_plus,創逸致富 (豐裕版),life-savings,10Y_ANNUAL,ANNUAL,10,38,68,155999,155999,18238,327507,501745,321.633472,100.0,20260511_FWD_LIFESAVING_CreativeFortunePlus_PREMIUM15600_ANNUAL_10pay.pdf
2026-05-11,FWD,fwd_creative_fortune_plus,創逸致富 (豐裕版),life-savings,10Y_ANNUAL,ANNUAL,10,39,69,155999,155999,20195,350652,526848,337.725242,100.0,20260511_FWD_LIFESAVING_CreativeFortunePlus_PREMIUM15600_ANNUAL_10pay.pdf
2026-05-11,FWD,fwd_creative_fortune_plus,創逸致富 (豐裕版),life-savings,10Y_ANNUAL,ANNUAL,10,40,70,155999,155999,22341,374955,553296,354.679197,100.0,20260511_FWD_LIFESAVING_CreativeFortunePlus_PREMIUM15600_ANNUAL_10pay.pdf
2026-05-11,FWD,fwd_creative_fortune_plus,創逸致富 (豐裕版),life-savings,10Y_ANNUAL,ANNUAL,10,41,71,155999,155999,24567,407359,587926,376.878057,100.0,20260511_FWD_LIFESAVING_CreativeFortunePlus_PREMIUM15600_ANNUAL_10pay.pdf
2026-05-11,FWD,fwd_creative_fortune_plus,創逸致富 (豐裕版),life-savings,10Y_ANNUAL,ANNUAL,10,42,72,155999,155999,26877,442077,624954,400.614107,100.0,20260511_FWD_LIFESAVING_CreativeFortunePlus_PREMIUM15600_ANNUAL_10pay.pdf
2026-05-11,FWD,fwd_creative_fortune_plus,創逸致富 (豐裕版),life-savings,10Y_ANNUAL,ANNUAL,10,43,73,155999,155999,29274,480267,665541,426.631581,100.0,20260511_FWD_LIFESAVING_CreativeFortunePlus_PREMIUM15600_ANNUAL_10pay.pdf
2026-05-11,FWD,fwd_creative_fortune_plus,創逸致富 (豐裕版),life-savings,10Y_ANNUAL,ANNUAL,10,44,74,155999,155999,31876,521928,709805,455.006122,100.0,20260511_FWD_LIFESAVING_CreativeFortunePlus_PREMIUM15600_ANNUAL_10pay.pdf
2026-05-11,FWD,fwd_creative_fortune_plus,創逸致富 (豐裕版),life-savings,10Y_ANNUAL,ANNUAL,10,45,75,155999,155999,34923,569376,760300,487.374919,100.0,20260511_FWD_LIFESAVING_CreativeFortunePlus_PREMIUM15600_ANNUAL_10pay.pdf
2026-05-11,FWD,fwd_creative_fortune_plus,創逸致富 (豐裕版),life-savings,10Y_ANNUAL,ANNUAL,10,46,76,155999,155999,38200,616824,811025,519.891153,100.0,20260511_FWD_LIFESAVING_CreativeFortunePlus_PREMIUM15600_ANNUAL_10pay.pdf
2026-05-11,FWD,fwd_creative_fortune_plus,創逸致富 (豐裕版),life-savings,10Y_ANNUAL,ANNUAL,10,47,77,155999,155999,41716,671216,868932,557.011263,100.0,20260511_FWD_LIFESAVING_CreativeFortunePlus_PREMIUM15600_ANNUAL_10pay.pdf
2026-05-11,FWD,fwd_creative_fortune_plus,創逸致富 (豐裕版),life-savings,10Y_ANNUAL,ANNUAL,10,48,78,155999,155999,45595,730237,931832,597.332034,100.0,20260511_FWD_LIFESAVING_CreativeFortunePlus_PREMIUM15600_ANNUAL_10pay.pdf
2026-05-11,FWD,fwd_creative_fortune_plus,創逸致富 (豐裕版),life-savings,10Y_ANNUAL,ANNUAL,10,49,79,155999,155999,49851,795044,1000895,641.603472,100.0,20260511_FWD_LIFESAVING_CreativeFortunePlus_PREMIUM15600_ANNUAL_10pay.pdf
2026-05-11,FWD,fwd_creative_fortune_plus,創逸致富 (豐裕版),life-savings,10Y_ANNUAL,ANNUAL,10,50,80,155999,155999,54382,865637,1076020,689.760832,100.0,20260511_FWD_LIFESAVING_CreativeFortunePlus_PREMIUM15600_ANNUAL_10pay.pdf
2026-05-11,FWD,fwd_creative_fortune_plus,創逸致富 (豐裕版),life-savings,10Y_ANNUAL,ANNUAL,10,51,81,155999,155999,59198,911928,1127127,722.521939,100.0,20260511_FWD_LIFESAVING_CreativeFortunePlus_PREMIUM15600_ANNUAL_10pay.pdf
2026-05-11,FWD,fwd_creative_fortune_plus,創逸致富 (豐裕版),life-savings,10Y_ANNUAL,ANNUAL,10,52,82,155999,155999,64196,959376,1179573,756.141386,100.0,20260511_FWD_LIFESAVING_CreativeFortunePlus_PREMIUM15600_ANNUAL_10pay.pdf
2026-05-11,FWD,fwd_creative_fortune_plus,創逸致富 (豐裕版),life-savings,10Y_ANNUAL,ANNUAL,10,53,83,155999,155999,69381,1010296,1235677,792.105719,100.0,20260511_FWD_LIFESAVING_CreativeFortunePlus_PREMIUM15600_ANNUAL_10pay.pdf
2026-05-11,FWD,fwd_creative_fortune_plus,創逸致富 (豐裕版),life-savings,10Y_ANNUAL,ANNUAL,10,54,84,155999,155999,74760,1063531,1294291,829.679036,100.0,20260511_FWD_LIFESAVING_CreativeFortunePlus_PREMIUM15600_ANNUAL_10pay.pdf
2026-05-11,FWD,fwd_creative_fortune_plus,創逸致富 (豐裕版),life-savings,10Y_ANNUAL,ANNUAL,10,55,85,155999,155999,80341,1120237,1356578,869.606856,100.0,20260511_FWD_LIFESAVING_CreativeFortunePlus_PREMIUM15600_ANNUAL_10pay.pdf
2026-05-11,FWD,fwd_creative_fortune_plus,創逸致富 (豐裕版),life-savings,10Y_ANNUAL,ANNUAL,10,56,86,155999,155999,86131,1179258,1421389,911.152636,100.0,20260511_FWD_LIFESAVING_CreativeFortunePlus_PREMIUM15600_ANNUAL_10pay.pdf
2026-05-11,FWD,fwd_creative_fortune_plus,創逸致富 (豐裕版),life-savings,10Y_ANNUAL,ANNUAL,10,57,87,155999,155999,92138,1241750,1489889,955.063173,100.0,20260511_FWD_LIFESAVING_CreativeFortunePlus_PREMIUM15600_ANNUAL_10pay.pdf
2026-05-11,FWD,fwd_creative_fortune_plus,創逸致富 (豐裕版),life-savings,10Y_ANNUAL,ANNUAL,10,58,88,155999,155999,98371,1305400,1559772,999.860256,100.0,20260511_FWD_LIFESAVING_CreativeFortunePlus_PREMIUM15600_ANNUAL_10pay.pdf
2026-05-11,FWD,fwd_creative_fortune_plus,創逸致富 (豐裕版),life-savings,10Y_ANNUAL,ANNUAL,10,59,89,155999,155999,104838,1374836,1635674,1048.515696,100.0,20260511_FWD_LIFESAVING_CreativeFortunePlus_PREMIUM15600_ANNUAL_10pay.pdf
2026-05-11,FWD,fwd_creative_fortune_plus,創逸致富 (豐裕版),life-savings,10Y_ANNUAL,ANNUAL,10,60,90,155999,155999,111546,1447744,1715291,1099.552561,100.0,20260511_FWD_LIFESAVING_CreativeFortunePlus_PREMIUM15600_ANNUAL_10pay.pdf
2026-05-11,FWD,fwd_creative_fortune_plus,創逸致富 (豐裕版),life-savings,10Y_ANNUAL,ANNUAL,10,61,91,155999,155999,118507,1525281,1799789,1153.718293,100.0,20260511_FWD_LIFESAVING_CreativeFortunePlus_PREMIUM15600_ANNUAL_10pay.pdf
2026-05-11,FWD,fwd_creative_fortune_plus,創逸致富 (豐裕版),life-savings,10Y_ANNUAL,ANNUAL,10,62,92,155999,155999,125728,1606290,1888019,1210.276348,100.0,20260511_FWD_LIFESAVING_CreativeFortunePlus_PREMIUM15600_ANNUAL_10pay.pdf
2026-05-11,FWD,fwd_creative_fortune_plus,創逸致富 (豐裕版),life-savings,10Y_ANNUAL,ANNUAL,10,63,93,155999,155999,133221,1691928,1981149,1269.975449,100.0,20260511_FWD_LIFESAVING_CreativeFortunePlus_PREMIUM15600_ANNUAL_10pay.pdf
2026-05-11,FWD,fwd_creative_fortune_plus,創逸致富 (豐裕版),life-savings,10Y_ANNUAL,ANNUAL,10,64,94,155999,155999,140994,1781038,2078032,1332.080334,100.0,20260511_FWD_LIFESAVING_CreativeFortunePlus_PREMIUM15600_ANNUAL_10pay.pdf
2026-05-11,FWD,fwd_creative_fortune_plus,創逸致富 (豐裕版),life-savings,10Y_ANNUAL,ANNUAL,10,65,95,155999,155999,149059,1875934,2180993,1398.081398,100.0,20260511_FWD_LIFESAVING_CreativeFortunePlus_PREMIUM15600_ANNUAL_10pay.pdf
2026-05-11,FWD,fwd_creative_fortune_plus,創逸致富 (豐裕版),life-savings,10Y_ANNUAL,ANNUAL,10,66,96,155999,155999,157426,1975459,2288886,1467.244021,100.0,20260511_FWD_LIFESAVING_CreativeFortunePlus_PREMIUM15600_ANNUAL_10pay.pdf
2026-05-11,FWD,fwd_creative_fortune_plus,創逸致富 (豐裕版),life-savings,10Y_ANNUAL,ANNUAL,10,67,97,155999,155999,166107,2079614,2401721,1539.574613,100.0,20260511_FWD_LIFESAVING_CreativeFortunePlus_PREMIUM15600_ANNUAL_10pay.pdf
2026-05-11,FWD,fwd_creative_fortune_plus,創逸致富 (豐裕版),life-savings,10Y_ANNUAL,ANNUAL,10,68,98,155999,155999,175113,2184925,2516039,1612.855852,100.0,20260511_FWD_LIFESAVING_CreativeFortunePlus_PREMIUM15600_ANNUAL_10pay.pdf
2026-05-11,FWD,fwd_creative_fortune_plus,創逸致富 (豐裕版),life-savings,10Y_ANNUAL,ANNUAL,10,69,99,155999,155999,184457,2308753,2649211,1698.223066,100.0,20260511_FWD_LIFESAVING_CreativeFortunePlus_PREMIUM15600_ANNUAL_10pay.pdf
2026-05-11,FWD,fwd_creative_fortune_plus,創逸致富 (豐裕版),life-savings,10Y_ANNUAL,ANNUAL,10,70,100,155999,155999,194268,2422166,2772434,1777.212674,100.0,20260511_FWD_LIFESAVING_CreativeFortunePlus_PREMIUM15600_ANNUAL_10pay.pdf
2026-05-11,FWD,fwd_creative_fortune_plus,創逸致富 (豐裕版),life-savings,10Y_ANNUAL,ANNUAL,10,71,101,155999,155999,204909,2541364,2902274,1860.443977,100.0,20260511_FWD_LIFESAVING_CreativeFortunePlus_PREMIUM15600_ANNUAL_10pay.pdf
2026-05-11,FWD,fwd_creative_fortune_plus,創逸致富 (豐裕版),life-savings,10Y_ANNUAL,ANNUAL,10,72,102,155999,155999,215949,2665192,3037142,1946.898378,100.0,20260511_FWD_LIFESAVING_CreativeFortunePlus_PREMIUM15600_ANNUAL_10pay.pdf
2026-05-11,FWD,fwd_creative_fortune_plus,創逸致富 (豐裕版),life-savings,10Y_ANNUAL,ANNUAL,10,73,103,155999,155999,227403,2795964,3179368,2038.069475,100.0,20260511_FWD_LIFESAVING_CreativeFortunePlus_PREMIUM15600_ANNUAL_10pay.pdf
2026-05-11,FWD,fwd_creative_fortune_plus,創逸致富 (豐裕版),life-savings,10Y_ANNUAL,ANNUAL,10,74,104,155999,155999,239287,2933679,3328966,2133.966243,100.0,20260511_FWD_LIFESAVING_CreativeFortunePlus_PREMIUM15600_ANNUAL_10pay.pdf
2026-05-11,FWD,fwd_creative_fortune_plus,創逸致富 (豐裕版),life-savings,10Y_ANNUAL,ANNUAL,10,75,105,155999,155999,251616,3077180,3484797,2233.85855,100.0,20260511_FWD_LIFESAVING_CreativeFortunePlus_PREMIUM15600_ANNUAL_10pay.pdf
2026-05-11,FWD,fwd_creative_fortune_plus,創逸致富 (豐裕版),life-savings,10Y_ANNUAL,ANNUAL,10,76,106,155999,155999,264408,3227626,3648034,2338.498324,100.0,20260511_FWD_LIFESAVING_CreativeFortunePlus_PREMIUM15600_ANNUAL_10pay.pdf
2026-05-11,FWD,fwd_creative_fortune_plus,創逸致富 (豐裕版),life-savings,10Y_ANNUAL,ANNUAL,10,77,107,155999,155999,277679,3386172,3819851,2448.638132,100.0,20260511_FWD_LIFESAVING_CreativeFortunePlus_PREMIUM15600_ANNUAL_10pay.pdf
2026-05-11,FWD,fwd_creative_fortune_plus,創逸致富 (豐裕版),life-savings,10Y_ANNUAL,ANNUAL,10,78,108,155999,155999,291448,3551661,3999110,2563.548484,100.0,20260511_FWD_LIFESAVING_CreativeFortunePlus_PREMIUM15600_ANNUAL_10pay.pdf
2026-05-11,FWD,fwd_creative_fortune_plus,創逸致富 (豐裕版),life-savings,10Y_ANNUAL,ANNUAL,10,79,109,155999,155999,305734,3726409,4188143,2684.724261,100.0,20260511_FWD_LIFESAVING_CreativeFortunePlus_PREMIUM15600_ANNUAL_10pay.pdf
2026-05-11,FWD,fwd_creative_fortune_plus,創逸致富 (豐裕版),life-savings,10Y_ANNUAL,ANNUAL,10,80,110,155999,155999,320555,3908100,4384656,2810.69494,100.0,20260511_FWD_LIFESAVING_CreativeFortunePlus_PREMIUM15600_ANNUAL_10pay.pdf
2026-05-11,FWD,fwd_creative_fortune_plus,創逸致富 (豐裕版),life-savings,10Y_ANNUAL,ANNUAL,10,81,111,155999,155999,335932,4100207,4592140,2943.698357,100.0,20260511_FWD_LIFESAVING_CreativeFortunePlus_PREMIUM15600_ANNUAL_10pay.pdf
2026-05-11,FWD,fwd_creative_fortune_plus,創逸致富 (豐裕版),life-savings,10Y_ANNUAL,ANNUAL,10,82,112,155999,155999,351885,4301572,4809458,3083.00566,100.0,20260511_FWD_LIFESAVING_CreativeFortunePlus_PREMIUM15600_ANNUAL_10pay.pdf
2026-05-11,FWD,fwd_creative_fortune_plus,創逸致富 (豐裕版),life-savings,10Y_ANNUAL,ANNUAL,10,83,113,155999,155999,368437,4508723,5033161,3226.405938,100.0,20260511_FWD_LIFESAVING_CreativeFortunePlus_PREMIUM15600_ANNUAL_10pay.pdf
2026-05-11,FWD,fwd_creative_fortune_plus,創逸致富 (豐裕版),life-savings,10Y_ANNUAL,ANNUAL,10,84,114,155999,155999,385610,4734391,5276001,3382.073603,100.0,20260511_FWD_LIFESAVING_CreativeFortunePlus_PREMIUM15600_ANNUAL_10pay.pdf
2026-05-11,FWD,fwd_creative_fortune_plus,創逸致富 (豐裕版),life-savings,10Y_ANNUAL,ANNUAL,10,85,115,155999,155999,403426,4964688,5524115,3541.122058,100.0,20260511_FWD_LIFESAVING_CreativeFortunePlus_PREMIUM15600_ANNUAL_10pay.pdf
2026-05-11,FWD,fwd_creative_fortune_plus,創逸致富 (豐裕版),life-savings,10Y_ANNUAL,ANNUAL,10,86,116,155999,155999,421911,5206557,5784469,3708.016718,100.0,20260511_FWD_LIFESAVING_CreativeFortunePlus_PREMIUM15600_ANNUAL_10pay.pdf
2026-05-11,FWD,fwd_creative_fortune_plus,創逸致富 (豐裕版),life-savings,10Y_ANNUAL,ANNUAL,10,87,117,155999,155999,441089,5454213,6051302,3879.064609,100.0,20260511_FWD_LIFESAVING_CreativeFortunePlus_PREMIUM15600_ANNUAL_10pay.pdf
2026-05-11,FWD,fwd_creative_fortune_plus,創逸致富 (豐裕版),life-savings,10Y_ANNUAL,ANNUAL,10,88,118,155999,155999,460986,5720385,6337371,4062.443349,100.0,20260511_FWD_LIFESAVING_CreativeFortunePlus_PREMIUM15600_ANNUAL_10pay.pdf
2026-05-11,FWD,fwd_creative_fortune_plus,創逸致富 (豐裕版),life-savings,10Y_ANNUAL,ANNUAL,10,89,119,155999,155999,481629,6000444,6638074,4255.202918,100.0,20260511_FWD_LIFESAVING_CreativeFortunePlus_PREMIUM15600_ANNUAL_10pay.pdf
2026-05-11,FWD,fwd_creative_fortune_plus,創逸致富 (豐裕版),life-savings,10Y_ANNUAL,ANNUAL,10,90,120,155999,155999,503161,6293234,6952396,4456.692671,100.0,20260511_FWD_LIFESAVING_CreativeFortunePlus_PREMIUM15600_ANNUAL_10pay.pdf
